line_id,speaker,type,text
1,NARRATOR,scene_heading,INT. DELTA GAMMA HOUSE - DAY                                      
2,NARRATOR,scene_description,"flock of abstract, silky, golden strands -- PULLING BACK, to discover that the strands are hair on a BLONDE GIRL's head. But not just any blonde girl, a girl in Delta Gamma, the blondest, most beautiful sorority at USC. We PULL BACK further to see that she's signing a handmade card. She holds it up ~ OVER HER SHOULDER, we see hearts and glitter surrounding and ""Good Luck Tonight!"" and ""Elle and Warner forever!."" She carries the card out of her room and we FOLLOW HER across the hall, into the room of -- THREE BLONDE CHEERLEADERS, who stop practicing their pom-pom routine to sign the card. As they finish, we follow the Card Girl out and into the room of -- A BLONDE GIRL IN A TANK TOP and shorts, working out on a Stairmaster as ""General Hospital"" plays on a tiny TV. She signs the card while continuing to exercise. We move on, to the room of-- A BLONDE GIRL MAKING OUT WITH HER BOYFRIEND who stops long enough to sign the card, as her boyfriend nibbles on her neck. She hands the card back and we head into the room of -- A BLONDE PARTY GIRL who pours a pink frozen margarita into a glass from the blender, then passes it down to ANOTHER BLONDE GIRL, assembly-line style. The card goes one way, being signed, as the drinks go the other. Once the card arrives back in the Card Girl's hands, we follow her out of the room and down the hall until she reaches the very last and biggest door -- She puts a kiss mark on the card, then kneels down and slides the card under the door."
32,NARRATOR,scene_heading,INT. ELLE'S DELTA GAMMA ROOM - DAY - CONTINUOUS                   
33,NARRATOR,scene_description,"The CARD slides into the pink room, hitting the feet of UNDERDOG, a tiny chihuahua ~ who picks it up in his mouth and trots it over to a pair of perfectly pedicured feet in strappy sandals. An equally perfectly manicured hand with a ""Sisters Forever"" charm bracelet dangling from the wrist, scoops up Underdog."
41,NARRATOR,scene_description,"As he rises, we RISE WITH HIM, passing toned, waxed, tanned legs in pink Prada pedal pushers and a pair of perky boobs encased in a spaghetti-strap top -- until we finally reveal a magnificent head of long blonde hair and a sweet, beautiful face. This is ELLE WOODS, 21, the Goddess Queen of Delta Gamma. She talks on a pink, fuzzy phone."
47,NARRATOR,stage_direction,(into the phone)
48,ELLE,dialogue,"I love you, too!"
49,ELLE,scene_description,"Behind her, a ""Go USC"" banner is pinned to the pink wall. A stack of ""Cosmopolitan""s and ""Glamour""s teeters on the dresser. The closet overflows with trendy, designer clothes in a predominance of pink."
53,ELLE,stage_direction,(continuing; into phone)
54,ELLE,dialogue,I'll see you tonight.
55,ELLE,dialogue,"She hangs up and lets out a squeal of joy, kissing Underdog's head and taking the card out of his mouth. She reads it, touched."
58,ELLE,stage_direction,(continuing)
59,ELLE,dialogue,"""Elle and Warner forever"". Aww..."
60,ELLE,dialogue,Underdog yips.
62,NARRATOR,stage_direction,"A Delta Gamma/Sigma Chi barbecue in full swing. Beautiful college students drink beer and mingle, trying to figure out who they're going to sleep with next. The main wall of the living room has been designated as a ""Model Wall"" of Delta Gamma girls -- ELLE smiles at us from a Hawaiian Tropic ad and a Miss June USC calendar photo. A cover of an Italian Vogue shows a blonde sexpot MARGOT; a USC cheerleader poster displays a hard-bodied non-blonde SERENA in a pom-pom pose. Serena walks up, fending off an admirer."
73,SERENA,dialogue,"Jeremy, enough! I am not going to formal"
74,SERENA,dialogue,with you.
75,SERENA,dialogue,"Jeremy slinks off as Margot arrives, agitated."
76,MARGOT,dialogue,Can someone please tell Rick that he is
77,MARGOT,dialogue,not the only Sigma Chi with a big penis?
80,ELLE (O.S.),dialogue,You guys are so sweet!
81,ELLE (O.S.),dialogue,"ELLE, a vision of fluffy blondeness, runs down the stairs"
82,ELLE (O.S.),dialogue,"toward Serena and Margot, holding the card."
83,ELLE,dialogue,But I ' m not positive it's gonna happen
84,ELLE,dialogue,to n i g h t --
85,. SERENA,dialogue,Helloo...he just had lunch with his
86,. SERENA,dialogue,"grandmother. You know he got ""The Rock""."
87,MARGOT,dialogue,Why else would she have flown in from
88,MARGOT,dialogue,Newport? It's not like she'd Fed Ex a
89,MARGOT,dialogue,six carat diamond.
90,ELLE,stage_direction,(excited)
91,ELLE,dialogue,You think?
92,SERENA,dialogue,I can't believe you're getting engaged!
94,SERENA,dialogue,"The three girls jump up and down, squealing and hugging."
95,ELLE,dialogue,C'mon  -- you have to help me pick out the
96,ELLE,dialogue,perfect outfit.
97,ELLE,dialogue,"As they head toward the door, Elle spots AMY, a shy girl in a"
98,ELLE,dialogue,"Delta Gamma Pledge sweatshirt, standing alone."
99,ELLE,stage_direction,(continuing)
100,ELLE,dialogue,"Amy, what's wrong?"
101,AMY,dialogue,I don't really -- know anyone.
102,ELLE,stage_direction,(teasing)
103,ELLE,dialogue,That's because you spend too much time in
104,ELLE,dialogue,the library. Come with me.
105,ELLE,stage_direction,(to Serena and Margot)
106,ELLE,dialogue,I'll meet you outside.
107,ELLE,dialogue,"As they go, Elle leads Amy over to a group of jovial Sigma"
108,ELLE,dialogue,Chi brothers.
111,ELLE,stage_direction,(continuing)
112,ELLE,dialogue,"Bra ndon , Jason, Grant --this is Amy."
113,ELLE,dialogue,Why don't you tell her about the time you
114,ELLE,dialogue,guys went golfing naked?
115,ELLE,dialogue,Elle winks at Amy and.heads off as the guys launch into their
116,ELLE,dialogue,story.
117,BRANDON,dialogue,It was classic.     Jason hit with wood all
118,BRANDON,dialogue,day.
119,GRANT,dialogue,And we never ran out of balls --
120,GRANT,dialogue,Amy laughs.
121,NARRATOR,scene_heading,INT. SUNSET PLAZA BOUTIQUE - DAY
122,NARRATOR,scene_description,"Serena and Margot watch as Elle stands in front of a mirror,"
123,NARRATOR,scene_description,trying on a Herve Leger white mini-dress. Sexy and ultra-
124,NARRATOR,scene_description,tight.                                               ;
125,ELLE,dialogue,Too demure?
126,MARGOT,dialogue,I think you should go with red. It's the
127,MARGOT,dialogue,color of confidence.
128,ELLE,dialogue,"Well, I don't want to look like I know"
129,ELLE,dialogue,what's coming. . .
130,SERENA,dialogue,I don't understand why you're completely
131,SERENA,dialogue,disregarding your signature color.
132,SERENA,dialogue,She holds up a tiny pink slipdress.
133,ELLE,dialogue,He's proposing! I can't look like I
134,ELLE,dialogue,would on any date. This is the date. The
135,ELLE,dialogue,night I'll always remember. I want to
136,ELLE,dialogue,look special. Bridal . . . but not like I
137,ELLE,dialogue,suspect anything.
138,ACROSS THE STORE,dialogue,A SALESWOMAN looks at her cohort.
141,SALESWOMAN,stage_direction,(sot.to)
142,SALESWOMAN,dialogue,There ' s nothing I love more than a dumb
143,SALESWOMAN,dialogue,blonde with daddy's plastic.
144,SALESWOMAN,dialogue,"She grabs a dress off the Clearance Sale rack, ripping off"
145,SALESWOMAN,dialogue,"the ""HALF PRICE"" TAG."
146,SALESWOMAN,dialogue,ON ELLE AND THE GIRLS
147,. SERENA,dialogue,I can't wait to see you wearing The Rock!
148,. SERENA,dialogue,"Elle looks at them, suddenly concerned."
149,ELLE,dialogue,Wh at if -- you know -- it's not the
150,ELLE,dialogue,night?
151,MARGOT,dialogue,Why else would he be taking you to The
152,MARGOT,dialogue,Ivy? You've been dating for a year --
153,MARGOT,dialogue,it's not like he's trying to impress you.
154,SERENA,dialogue,"Elle, you've heard the man pass gas in"
155,SERENA,dialogue,his sleep. That practically means you're
156,SERENA,dialogue,"pre-engaged.                                                  '"""
157,SERENA,dialogue,"The Saleswoman approaches with the dress, kiss-assy smile on"
158,SERENA,dialogue,her face.
159,SALESWOMAN,dialogue,Did you see this one? We just got it in
160,SALESWOMAN,dialogue,yesterday.
161,SALESWOMAN,dialogue,"Elle fingers the dress, then the new price tag, looking back"
162,SALESWOMAN,dialogue,"at the saleswoman, excited."
163,ELLE,dialogue,Is this a low-viscosity rayon?
164,SALESWOMAN,dialogue,"Uh, yes -- of course."
165,ELLE,dialogue,With half-loop top-stitching on the hem?
166,SALESWOMAN,stage_direction,(smiling a lie)
167,SALESWOMAN,dialogue,Absolutely. It's one of a kind.
169,(CONTINUED),dialogue,CO NT I NU E D: ( 2 )        .                                           4
170,(CONTINUED),dialogue,"^       Elle hands the dress back to her, no longer pretending to be"
171,(CONTINUED),dialogue,excited.
172,ELLE,dialogue,It's impossible to use a half-loop
173,ELLE,dialogue,topstitch on low-viscosity rayon. It
174,ELLE,dialogue,would snag the fabric. And you didn't
175,ELLE,dialogue,"just get this in, because I remember it"
176,ELLE,dialogue,"from the June Vogue a year ago, so if"
177,ELLE,dialogue,you're trying to sell it to me at full
178,ELLE,dialogue,"price, you picked the wrong girl."
179,ELLE,dialogue,"The saleswoman slinks off, embarrassed."
180,MARGOT,stage_direction,(to the saleswoman)
181,MARGOT,dialogue,Nice try...
182,MARGOT,dialogue,Elle shakes her head and turns back to the girls as she slips
183,MARGOT,dialogue,"on her Manolo Blahnik sandals, doing one last mirror check,"
184,MARGOT,dialogue,smoothing down her golden mane.
185,ELLE,stage_direction,(dramatically)
186,ELLE,dialogue,"Girls, this is it. In a few hours, I'll"
187,ELLE,dialogue,be the future Mrs. Warner Huntington III.
188,ELLE,dialogue,"5    EXT, DELTA GAMMA HOUSE - NIGHT"
189,ELLE,dialogue,An attractive male finger presses the doorbell.
190,ELLE,dialogue,6    INT. DELTA GAMMA HOUSE - FOYER - NIGHT - SAME TIME
191,ELLE,dialogue,Amy peeks through the peephole and turns.
192,AMY,stage_direction,(whispering)
193,AMY,dialogue,He's here!
194,AMY,dialogue,"Elle, standing nearby with Margot and Serena and several"
195,AMY,dialogue,"other DG's, smooths down her dress and takes a deep breath,"
196,AMY,dialogue,o pening the door to find --
197,AMY,dialogue,"WARNER HUNTINGTON, III, 21, tall, chiseled and outrageously"
198,AMY,dialogue,"handsome. He takes her in, a smile spreading across his"
199,AMY,dialogue,face.
200,WARNER,dialogue,You're beautiful.
201,ELLE,dialogue,So are you!
204,(CONTINUED),dialogue,"She looks up at him, blushing and completely smitten.    They"
205,(CONTINUED),dialogue,"kiss. After a moment,-Warner extracts himself."
206,WARNER,stage_direction,(nervous)
207,WARNER,dialogue,You ready?
208,WARNER,dialogue,Her face is awash with devotion.
209,ELLE,dialogue,I am so ready.
210,ELLE,dialogue,7   EXT. THE IVY - NIGHT
211,ELLE,dialogue,Warner and Elle are seated at a cozy table on the patio.
212,ELLE,dialogue,Elle takes a sip from her freshly poured champagne flute.
213,ELLE,dialogue,Nervous and excited.
214,ELLE,dialogue,Here' s to ~ us.
215,ELLE,dialogue,Warner is slower to sip his.
216,WARNER,dialogue,The reason I wanted to come here tonight
217,WARNER,dialogue,was to discuss our future.
218,WARNER,dialogue,Elle is on the edge of her seat.
219,ELLE,dialogue,I ' m fully amenable to that discussion.
220,WARNER,dialogue,"I mean, we're having a lot of fun now --"
221,WARNER,dialogue,but things are gonna be different when
222,WARNER,dialogue,I ' m at Harvard Law school is a completely
223,WARNER,dialogue,different world. I need to be serious.
224,ELLE,dialogue,Of course.
225,WARNER,dialogue,My family expects a lot from me. And I
226,WARNER,dialogue,expect a lot from me. I .plan on running
227,WARNER,dialogue,for office some day.
228,ELLE,dialogue,And I fully support that.
231,WA R N ER,dialogue,"But the thing is, if I ' m gonna be a"
232,WA R N ER,dialogue,senator by the time I ' m thirty -- I can't
233,WA R N ER,dialogue,keep dicking around.
234,ELLE,dialogue,I completely agree.
235,WARNER,dialogue,T hat 's why I think it's time for us to--
236,WARNER,dialogue,"Elle takes a deep breath, filled with anticipation."
239,WARNER,dialogue,I think we should break up.
240,WARNER,dialogue,Elle's champagne glass drops from her hand and CRASHES onto
241,WARNER,dialogue,the patio.
242,ELLE,dialogue,What?
243,ELLE,dialogue,"Elle starts to flush, completely caught off guard."
244,WARNER,dialogue,"I ' m sorry, Elle, I just --"
245,ELLE,dialogue,You're breaking up with me?!
246,ELLE,stage_direction,(tearing up)
247,ELLE,dialogue,I thought you were proposing.
248,WARNER,dialogue,"Proposing?! Elle, If I ' m going to be a"
249,WARNER,dialogue,"politician, I need to marry a Jackie, not"
250,WARNER,dialogue,a -- Marilyn.
251,ELLE,stage_direction,(stunned)
252,ELLE,dialogue,You're breaking up with me because I ' m
253,ELLE,dialogue,too -- blonde?
254,WARNER,dialogue,T hat' s not entirely --
255,ELLE,dialogue,Then what? My boobs are too big?
256,WARNER.,dialogue,Elle -- no --  your boobs are fine --
257,WARNER.,dialogue,Her tears start.
259,(CON TINUED ),dialogue,i
261,ELLE,dialogue,"So when you said you'd always love me,"
262,ELLE,dialogue,"you were just ""dicking around""?"
263,ELLE,dialogue,Warner looks around the restaurant nervously.
264,WARNER,dialogue,"I do love you, Elle. I just can't marry you."
265,WARNER,dialogue,You have no idea the pressure I ' m under. My
266,WARNER,dialogue,family has five generations of senators. My
267,WARNER,dialogue,brother is in the top three at Yale Law. He
268,WARNER,dialogue,"just got engaged to a Vanderbilt, for crissakes."
269,WARNER,dialogue,"Elle stares at him aghast, tears streaming down her face,"
270,WARNER,dialogue,then pushes her chair away from the table and walks out.
271,WARNER,stage_direction,(continuing)
272,WARNER,dialogue,"It's not like I have a choice, sweetheart"
273,WARNER,dialogue,He follows her out.
274,WARNER,dialogue,8   EXT.' STREET - NIGHT                                                 8
275,WARNER,dialogue,Elle teeters down the sidewalk as best she can in her three
276,WARNER,dialogue,"inch heels, sobbing. Warner pulls up alongside her in his"
277,WARNER,dialogue,convertible Saab.
278,WARNER,dialogue,C'mon.   Let me take you home.
279,ELLE,dialogue,No.
280,WARNER,dialogue,Elle -- it's twenty miles back to campus.
281,WARNER,dialogue,"Elle stops, thinks a minute, then gets in, still crying."
282,WARNER,dialogue,Catching her poofy little purse in the door. She re-opens
283,WARNER,dialogue,"i t, yanking the purse back in. Warner pulls out."
284,WARNER,dialogue,9   EXT. DELTA GAMMA HOUSE - USC - NIGHT                                 9
285,WARNER,dialogue,"Warner pulls up in front. It's a starry, romantic night."
286,WARNER,dialogue,Everything should be perfect. It's not.
287,WARNER,dialogue,"Elle sits, still in shock, as tears continue to eke out."
288,WARNER,dialogue,"Elle, believe me, I never expected to be"
289,WARNER,dialogue,"doing this, but I think it's the right"
290,WARNER,dialogue,thing to do.
293,ELLE,dialogue,How can it be the right thing if we're
294,ELLE,dialogue,not together?
295,WARNER .,dialogue,I have to think about my future. And what
296,WARNER .,dialogue,people expect from me.
297,ELLE,dialogue,So you're breaking up with me because
298,ELLE,dialogue,you're afraid your family won't like me?
299,ELLE,stage_direction,(through her tears)
300,ELLE,dialogue,Everybody likes me!
301,WARNER,dialogue,East coast people are different.
302,ELLE,dialogue,"Just because I ' m not a Vanderbilt, all of"
303,ELLE,dialogue,a sudden I ' m white trash? I grew up in
304,ELLE,dialogue,"Bel Air, Warner! Across the street from"
305,ELLE,dialogue,Aaron Spelling! I think most people
306,ELLE,dialogue,would agree that's way better than a
307,ELLE,dialogue,Vanderb ilt --
308,WARNER,dialogue,"I told you, Elle.       I need someone --"
309,WARNER,dialogue,serious.
310,ELLE,dialogue,I ' m seriously in love with you -- Isn't
311,ELLE,dialogue,that enough? He looks away.
312,WARNER,dialogue,I ' m sorry.
313,WARNER,dialogue,She gets out of the car and drags herself up the stairs to
314,WARNER,dialogue,"her sorority house. When she's at the top, she turns back to"
315,WARNER,dialogue,look at him. His perfect cheekbones highlighted by the
316,WARNER,dialogue,streetlamp.
317,WARNER,dialogue,"He meets her eyes, pained, but determined.       Then pulls away,"
318,WARNER,dialogue,leaving her there.
319,WARNER,dialogue,10   INT. DELTA GAMMA HOUSE - USC - NIGHT                                10
320,WARNER,dialogue,"Elle walks down the pink and green carpeted hall, dazed and"
321,WARNER,dialogue,tear-stained.
322,WARNER,dialogue,"Margot and Serena emerge from the bathroom, post-shower."
323,WARNER,dialogue,Getting ready for a night out.
326,MARGOT,dialogue,Why are you back so soon?
327,MARGOT,dialogue,Serena sees Elle's bare hand.
328,SERENA                                   .,dialogue,Did he forget the ring?
329,SERENA                                   .,dialogue,"Elle silently walks into her room.      Serena and Margot follow,"
330,SERENA                                   .,dialogue,worried.
331,SERENA                                   .,dialogue,11   INT. ELLE'S DELTA GAMMA ROOM - NIGHT - CONTINUOUS                  11
332,SERENA                                   .,dialogue,"Elle slumps down in an inflatable chair, hugging her knees"
333,SERENA                                   .,dialogue,and cowering in a wretched little ball. Underdog stares at
334,SERENA                                   .,dialogue,"her, concerned."
335,SERENA                                   .,dialogue,Serena and Margot stand in the door.
336,MARGOT,dialogue,Elle?
337,SERENA,dialogue,Where's the Rock?
339,ELLE                                             ,dialogue,We're not engaged.     It's over!
340,SERENA AND MARGOT,dialogue,What?!
342,ELLE,dialogue,He broke up with me!
343,ELLE,dialogue,"Serena and Margot gasp in horror, rushing to her side."
344,SERENA,dialogue,Is it a Kappa?
345,MARGOT,dialogue,It's not a Theta --
346,ELLE,dialogue,No -- it's just -- not me.
347,ELLE,dialogue,I ' m canceling the mixer.   We'll blacklist
348,ELLE,dialogue,Sigma Chi.
349,ELLE,dialogue,"Thank you, Serena, but I don't think"
350,ELLE,dialogue,it'll do any good.
353,SERENA,dialogue,What happened?
354,SERENA,dialogue,Elle starts to lose it again.
355, ELLE,dialogue,I don't know! Everything was normal at
356,ELLE,dialogue,first and then he said he needed someone
357,;       ELLE,dialogue,mo r e --
358,;       ELLE,stage_direction,(sob-choked)
359,;       ELLE,dialogue,Serious! .
360,MARGOT,dialogue,S e r i o u s ? ! Who the hell does he think he
361,MARGOT,dialogue,i s ? Y o u ' r e the most popu l a r month on the
362,MARGOT,dialogue,U S C calendar!
363,MARGOT,dialogue,"S h e points to Elle's ""Miss June"" page, hanging on the wall."
364,SER EN A,dialogue,"O h , he is so over on this campus."
365,ELLE,dialogue,I just don ' t underst a n d what went wrong --
366,MA RG OT,dialogue,Maybe it's the grandmother.        Have you
367,MA RG OT,dialogue,e v e r me t he r ?
368,MA RG OT,dialogue,E l l e wipes her face.
369,ELLE,dialogue,Last month on his birthday. And she
370,ELLE,dialogue,liked me! She said I looked like Britney
371,ELLE,dialogue,Spears. Why would you say that to
372,ELLE,dialogue,someone you didn't like?
373,ELLE,dialogue,"They shrug, mystified."
374,SERENA,dialogue,How could this happen?
375,ELLE,dialogue,I don't know! I don't know anything any
376,ELLE,dialogue,more!
377,ELLE,stage_direction,(wiping a tear)
378,ELLE,dialogue,I just need to be by myself.
379,SERENA,dialogue,Are you sure?
380,SERENA,dialogue,"Elle nods.    The girls rise, hugging her."
383,MARGOT,dialogue,We still love you.      Sisters forever!
384,ELLE,stage_direction,(sniffling)
385,ELLE,dialogue,"Thank you. I love you, too."
386,ELLE,dialogue,"As they go, Margot looks at Serena."
387,MARGOT,dialogue,"Oh, God. What if Josh doesn't think I ' m"
388,MARGOT,dialogue,serious enough?    .
389,SERENA,dialogue,Helloo... you let him have anal sex with
390,SERENA,dialogue,you.
391,(TV VERSION),dialogue,Helloo... you let him videotape you
392,(TV VERSION),dialogue,diddling yourself.
393,MARGOT,dialogue,You're right. Phew!
394,MARGOT,dialogue,"As the girls go, they shut the door behind them."
395,MARGOT,dialogue,"Elle gets up and grabs a FRAMED PHOTO of Warner, then lies"
396,MARGOT,dialogue,"down on her bed, clutching it to her heart. Underdog leaps"
397,MARGOT,dialogue,up and gives her little doggy kisses.
398,MARGOT,dialogue,12     EXT. DELTA GAMMA HOUSE - DAY                                         12
399,MARGOT,dialogue,"The sun rises on a sad day.     ""HOPELESSLY DEVOTED"" by Olivia"
400,MARGOT,dialogue,Newton-John plays.                                           .
401,MARGOT,dialogue,13     INT. DELTA GAMMA HOUSE - HALLWAY - DAY                               13
402,MARGOT,dialogue,Amy knocks on Elle's door.
403,AMY,dialogue,Elle?
404,AMY,dialogue,ANOTHER SISTER passes.
405,ANOTHER SISTER,stage_direction,(whispering)
406,ANOTHER SISTER,dialogue,Didn't you hear?
407,ANOTHER SISTER,dialogue,She leads a reluctant Amy down the hall.
408,ANOTHER SISTER,dialogue,14     INT. ELLE'S DELTA GAMMA ROOM - DAY                              
409,ANOTHER SISTER,dialogue,Spread out on the bed are PICTURES of Elle and Warner: The
410,ANOTHER SISTER,dialogue,"Sigma Chi formal; their Homecoming Queen and King ""wave"";"
413,(CONTINUED),dialogue,a 60's party; Mardi Gras night; beach weekend at Coronado.
414,(CONTINUED),dialogue,Next to the pictures are thirty dried Ecuardorian long-
415,(CONTINUED),dialogue,"stemmed pink roses, remnants of their one year anniversary."
416,(CONTINUED),dialogue,"In the center sits Elle, wearing Warner's old oversized Sigma"
417,(CONTINUED),dialogue,"Chi t-shirt, clutching a Gund teddybear. Depressed and"
418,(CONTINUED),dialogue,"looking like hell, she speaks to an unseen confidante."
419,ELLE,dialogue,I just love him so much! I loved him the
420,ELLE,dialogue,first moment I saw him. He's beautiful
421,ELLE,dialogue,and smart and someone I totally respect.
422,ELLE,dialogue,And I did everything I could to make him
423,ELLE,dialogue,"love me, but it wasn't enough. Now what"
424,ELLE,dialogue,am I supposed to do? I planned my whole
425,ELLE,dialogue,future around him. My life was going to
426,ELLE,dialogue,be all about Warner. Now what's it going
427,ELLE,dialogue,to be about?
428,ELLE,dialogue,She looks up -- waiting. Staring back at her is Underdog --
429,ELLE,dialogue,who sadly has no answers for her.
430,ELLE,dialogue,15   INT. ELLE'S DELTA GAMMA ROOM - DAY                                   15
431,ELLE,dialogue,"Elle remains in bed, Underdog now clutched to her chest,"
432,ELLE,dialogue,soaps on the TV.
433,TV SOAP STUD,stage_direction,(on TV)
434,TV SOAP STUD,dialogue,"""Oh, darling.     I'll love you forever."""
435,ELLE,stage_direction,(teary)
436,ELLE,dialogue,Bullshit!
437,ELLE,dialogue,"Serena and Margot enter, bearing Jamba Juice."
438,MARGOT,dialogue,"Honey, stop! You have to leave this room"
439,MARGOT,dialogue,-- it's been a week.
440,ELLE,dialogue,So?
442,ELLE,dialogue,"S erena sits down on the edge of the bed, trying to psyche"
443,ELLE,dialogue,Elle up.
444,SERENA,dialogue,What's the thing that always makes us
445,SERENA,dialogue,"feel better, no matter what?                                   ."
446,MARGOT,dialogue,Cunnilingus?
449,(CONTINUED),dialogue,"Elle lets out a wail, realizing what she'll be missing."
450,(CONTINUED),dialogue,Serena shoots Margot a stern look.
451,SERENA,dialogue,"No -- the thing after that,"
452,SERENA,dialogue,16   INT. UPSCALE MANICURE SHOP - DAY                                   16
453,SERENA,dialogue,A row of uniformed manicurists and their classy clients.
454,SERENA,dialogue,Chattering away. Therapy in full session. Serena sits in
455,SERENA,dialogue,front of her regular nail technician.
456,SERENA,dialogue,It was awful. We all thought she'd be
457,SERENA,dialogue,the first to walk down the aisle and now
458,SERENA,dialogue,she's totally adrift.
459,SERENA,dialogue,The nail technician shakes her head in shared girl-power-
460,SERENA,dialogue,"angst -- looking over at Elle, who sits in the waiting area,"
461,SERENA,dialogue,"shell-shocked, but showered."
462,SERENA,dialogue,"Elle picks up the only magazine left on the table -- ""Town &"
463,SERENA,dialogue,"Country"". She wrinkles her nose. An OLD LADY next to her"
464,SERENA,dialogue,"reads ""Seventeen"". Elle looks at her, begrudging the access"
465,SERENA,dialogue,"to teen beauty tips, and flips through ""Town & Country"""
466,SERENA,dialogue,n oisily until she freezes on-- the Engagement Section. She
467,SERENA,dialogue,gasps.
468,ELLE,dialogue,"Oh, my God!                    ."
469,ELLE,dialogue,She looks at a PHOTO of a horse-faced YOUNG WOMAN standing
470,ELLE,dialogue,next to a THREE-YEARS-OLDER VERSION OF WARNER. She turns to
471,ELLE,dialogue,the old lady next to her.
472,ELLE,stage_direction,(continuing)
473,ELLE,dialogue,Do you know who this is?
474,ELLE,dialogue,The old lady looks.
475,OLD LADY,dialogue,No.
476,ELLE,dialogue,It's Warner's older brother!
477,OLD LADY,dialogue,Who?
478,OLD LADY,dialogue,"Elle continues, undaunted."
481,EL LE,dialogue,He just got engaged to this -- this very
482,EL LE,dialogue,unfortunate-looking girl.
483,EL LE,stage_direction,(reading)
484,EL LE,dialogue,"""Third year Yale Law student Putnam Bowes"
485,EL LE,dialogue,Huntington III and his fiance Layne
486,EL LE,dialogue,"Walker Vanderbilt, first year Yale Law."""
487,EL LE,dialogue,She turns to the old lady.
488,ELLE,stage_direction,(continuing)
489,ELLE,dialogue,This is the type-of girl Warner wants to
490,ELLE,dialogue,marry. This is what I need to become to
491,ELLE,dialogue,be serious.
492,ELLE,dialogue,The old lady looks at the picture.
493,OLD LADY,dialogue,Butt ugly?
494,ELLE,dialogue,No -- a law student.
495,ELLE,dialogue,Elle rushes out.   Serena looks after her.
496,SERENA,dialogue,Elle?
497,SERENA,dialogue,(turning back to her nail
498,SERENA,dialogue,technician)
499,SERENA,dialogue,She'll never get him back with those
500,SERENA,dialogue,cuticles.
501,SERENA,dialogue,17   INT. COUNSELOR'S OFFICE - DAY                                  17
502,SERENA,dialogue,Elle sits in front of her ADVISOR.
503,ADVISOR,stage_direction,(flummoxed)
504,ADVISOR,dialogue,Harvard Law School?
505,ELLE,dialogue,That's right.
506,ADVISOR,dialogue,But it's a top three school --
507,ELLE,stage_direction,(offended)
508,ELLE,dialogue,I have a 4.0.
511,ADVISOR,dialogue,"Yes, but your major is Fashion"
512,ADVISOR,dialogue,Merchandising. Harvard won't be
513,ADVISOR,dialogue,"impressed that you aced ""History of"
514,ADVISOR,dialogue,"Lycra"". What are your backups?"
515,ELLE,dialogue,I don't need backups.      Harvard is the
516,ELLE,dialogue,school I' m going to.
517,ELLE,dialogue,He decides to humor her.
518,ADVISOR,dialogue,"Well, then. You'll need excellent"
519,ADVISOR,dialogue,"recommendations from your professors, a"
520,ADVISOR,dialogue,heck of an admissions essay and at least
521,ADVISOR,dialogue,a one-seventy-five on your LSATs.
522,ELLE,stage_direction,(confident)
523,ELLE,dialogue,I once had to judge a Theta Chi Tighty-
524,ELLE,dialogue,Whitey contest. Trust me-- I can handle
525,ELLE,dialogue,anything.
526,ELLE,dialogue,18    INT. ELLE'S DELTA GAMMA ROOM - DAY                              18
527,ELLE,dialogue,Elle sits on the floor surrounded by piles of LSAT prep
528,ELLE,dialogue,"books, the framed photo of Warner, and Underdog."
529,ELLE,dialogue,"There's a KNOCK at the door as Serena and Margot peek inside,"
530,ELLE,dialogue,gasping in horror at the sight of books.
531,MARGOT,dialogue,What are you doing?!
532,MARGOT,dialogue,Elle smiles brightly at them.
533,ELLE,dialogue,Reading about the LSATs.
534,ELLE,dialogue,"Margot looks at Serena, confused."
535,SERENA,stage_direction,(in a horrified whisper)
536,SERENA,dialogue,My cousin had them. Apparently you get a
537,SERENA,dialogue,really bad rash on your --
538,SERENA,dialogue,Elle interrupts her.
539,ELLE,dialogue,The LSATs are an exam.
540,ELLE,dialogue,She takes a deep breath.
543,ELLE,stage_direction,(continuing)
544,ELLE,dialogue,Girls-- I ' m going to Harvard!
545,SERENA,dialogue,"What, like on va-kay?"
546,MARGOT,dialogue,Let's all go! Road trip!
547,. SERENA,dialogue,Wait -- Cecil has a condo in Tahoe.
548,. SERENA,dialogue,Let's go there!
549,ELLE,dialogue,No -- I ' m going to law school at Harvard.
550,ELLE,dialogue,"They look at her, confused."
551,MARGOT,dialogue,Why?!
552,SERENA,dialogue,"I mean, I know you're upset and all, but"
553,SERENA,dialogue,can't you just take a sedative?
554,SERENA,dialogue,Elle rolls her eyes at their naivete.
555,ELLE,dialogue,Once Warner sees me as a serious law
556,ELLE,dialogue,"student, he'll want me back. It's a"
557,ELLE,dialogue,completely brilliant plan!
558,MARGOT,dialogue,But isn't it kind of hard to get into law
559,MARGOT,dialogue,school?
560,ELLE,dialogue,I have the highest GPA in Delta Gamma!
561,ELLE,dialogue,Margot pulls something off her wrist and hands it to Elle.
562,MARGOT,dialogue,Here.   You're gonna need this.
563,ELLE,dialogue,Your scrunchie?
564,MARGOT,dialogue,My lucky scrunchie.     It helped me pass
565,MARGOT,dialogue,Spanish.
566,MARGOT,dialogue,Serena rolls her eyes and looks at Margot disapprovingly.
569,S ER EN A,dialogue,You passed Spanish because you gave
570,S ER EN A,dialogue,Professor Montoya a hand-job after the
571,S ER EN A,dialogue,final.
572,MARGOT,stage_direction,(duh)
573,MARGOT,dialogue,"Yeah, luckily."
574,MARGOT,dialogue,A MONTAGE OF THE NEXT 3 MONTHS BEGINS WITH...
575,MARGOT,dialogue,19   EXT. WOODS' BEL AIR BACKYARD - DAY                               19
576,MARGOT,dialogue,"ON VIDEO, Elle sits in a Jacuzzi in her bikini."
577,ELLE,stage_direction,(to the camera)
578,ELLE,dialogue,My name is Elle Woods and for my
579,ELLE,dialogue,"admissions essay, I ' d like to tell all of"
580,ELLE,dialogue,you at Harvard why I ' m going to make an
581,ELLE,dialogue,amazing lawyer.
582,ELLE,dialogue,20   INT. KAPPA SIG LIVING ROOM - NIGHT                               20
583,ELLE,dialogue,The girls watch a horror movie with Kappa Sigs. Eating
584,ELLE,dialogue,popcorn and drinking red wine.
585,ELLE,dialogue,"Off to the side, Elle reads an LSAT Study Guide."
586,ELLE,dialogue,21   INT. DELTA GAMMA HOUSE - LIVING ROOM - DAY                       21
587,ELLE,dialogue,"ON VIDEO, a Delta Gamma chapter meeting takes place."
588,ELLE (V.O.),dialogue,"As president of my sorority, I ' m skilled"
589,ELLE (V.O.),dialogue,at commanding the attention of a room and
590,ELLE (V.O.),dialogue,discussing important issues.
591,ELLE (V.O.),dialogue,"Elle bangs a gavel, as she sits in front of her sisters."
592,ELLE,dialogue,~        It has come to my attention that the
593,ELLE,dialogue,maintenance staff is switching our toilet
594,ELLE,dialogue,paper from Charmin to generic. All those
595,ELLE,dialogue,"opposed to chafing, pleas.e say ""aye""."
596,ELLE,dialogue,"The sisters ""AYE"" in unison.      Underdog barks his approval."
597,ELLE,dialogue,22   INT. CLASSROOM - NIGHT                                           22
598,ELLE,dialogue,"""LSAT Prep Course"" is written on the board. Elle and forty"
599,ELLE,dialogue,other law school hopefuls take notes furiously as practice
600,ELLE,dialogue,questions are reviewed.
602,ELLE,dialogue,23   EXT. WOODS BACKYARD POOL - DAY                                 23
603,ELLE,dialogue,"ON VIDEO, FROM ABOVE, we see Elle as she floats on a raft in"
604,ELLE,dialogue,"her pool, in a pink Versace bikini. She addresses the"
605,ELLE,dialogue,camera.
606,ELLE,stage_direction,(to the camera)
607,ELLE,dialogue,I ' m able to recall hundreds of important
608,ELLE,dialogue,details at the drop of a hat.
609,ELLE,dialogue,We reveal Margot on a raft beside her.
610,MARGOT,stage_direction,(badly acting)
611,MARGOT,dialogue,"Elle, do you know what happened on ""Days"
612,MARGOT,dialogue,"of Our Lives"" yesterday?"
613,ELLE,dialogue,"Why, yes, Margot, I do. Once again, we"
614,ELLE,dialogue,joined Hope in the search for her
615,ELLE,dialogue,"identity. As you know, she's been              ."
616,ELLE,dialogue,brainwashed by the evil Stefano --
617,ELLE,dialogue,24   INT. DELTA GAMMA HOUSE - LIVING ROOM - DAY                     24
618,ELLE,dialogue,"Elle takes a practice LSAT exam as Serena, Margot and a few"
619,ELLE,dialogue,other Delta Gammas do their butt-crunches in the Delta Gamma
620,ELLE,dialogue,living room.
621,ELLE,dialogue,"Serena, while clenching her tush, hits a stop watch and Elle"
622,ELLE,dialogue,starts writing furiously.
623,DISSOLVE TO:,dialogue,"Margot is now on all-fours, doing donkey kicks as she grades"
624,DISSOLVE TO:,dialogue,"Elle's practice exam. She writes ""143"" on top and holds it"
625,DISSOLVE TO:,dialogue,up to Elle.
626,DISSOLVE TO:,dialogue,Elle slumps with frustration.
627,DISSOLVE TO:,dialogue,25   EXT. BEACH - DAY                                               25
628,DISSOLVE TO:,dialogue,"ON VIDEO, Elle is rollerblading in shorts and a tank top."
629,ELLE,stage_direction,(to the camera)
630,ELLE,dialogue,And the laws and bi-laws of civil
631,ELLE,dialogue,obedience are crucial to my life --
632,ELLE,dialogue,Serena skates by and fake-elbows Elle.
635,ELLE,stage_direction,(continuing; calling after her)
636,ELLE,dialogue,No shoving on the skate path! City
637,ELLE,dialogue,ordinance 22G!
638,ELLE,dialogue,26    INT. LIBRARY STUDY ROOM - NIGHT                                 26
639,ELLE,dialogue,"Elle sits in front of Amy, as Amy quizzes her with practice"
640,ELLE,dialogue,LSAT questions. Books are piled high around them.
641,ELLE,dialogue,Elle gazes out the.window to see ---Warner and some BARE-
642,ELLE,dialogue,CHESTED FRATERNITY BOYS carrying a keg across the quad. Her
643,ELLE,dialogue,eyes light up and she looks at Amy pleadingly. Amy shakes her
644,ELLE,dialogue,"head no. Elle slumps, then rises and goes to the window,"
645,ELLE,dialogue,closing the shades and getting back to work.
646,ELLE,dialogue,27    EXT. USC CAMPUS - DAY                                          27
647,ELLE,dialogue,"ON VIDEO, Elle addresses the camera."
648,ELLE,dialogue,I feel confident using legal jargon in
649,ELLE,dialogue,daily life.
650,CUT TO:,dialogue,"ON VIDEO, Elle walks across campus with Underdog in her"
651,CUT TO:,dialogue,"purse, feigning staged innocence. A RANDOM FRAT BOY pinches"
652,CUT TO:,dialogue,"her butt. She slaps his hand, dramatically."
653,ELLE,dialogue,I object!
654,ELLE,dialogue,28    INT. AUDITORIUM - DAY                                           28
655,ELLE,dialogue,"""LSAT EXAM -- Sections 1-6"" is scrawled on the chalk board."
656,ELLE,dialogue,"Elle sits in an auditorium with about 90 other students, LSAT"
657,ELLE,dialogue,"booklet open, filling in answers. Concentrating so hard"
658,ELLE,dialogue,she's practically getting a forehead wrinkle.
659,ELLE,dialogue,29    INT. ELLE'S DELTA GAMMA ROOM - DAY                              29
660,ELLE,dialogue,"ON VIDEO, Elle speaks to the camera."
661,ELLE,stage_direction,(to the camera)
662,ELLE,dialogue,"I've seen every episode of ""The Practice"""
663,ELLE,dialogue,and I ' m even on speaking terms with Dylan
664,ELLE,dialogue,McDermott.
666,CUT TO:,dialogue,30   EXT. DYLAN MCDERMOTT'S HOUSE   - DAY                            30
667,CUT TO:,dialogue,Dylan McDermott gets into his car and pulls out of his
668,CUT TO:,dialogue,driveway.
669,CUT TO:,dialogue,"VIDEOTAPING MADLY, the girls follow in Elle's Boxster."
670,SERENA,dialogue,There he is!
671,. MARGOT,dialogue,Pull up next to him!
672,. MARGOT,dialogue,Elle swerves around to pull up next to Dylan McDermott.      They
673,. MARGOT,dialogue,scream at him as Serena videotapes.
674,ELLE,dialogue,Dylan!   We love you!
675,ELLE,dialogue,Dylan McDermott burns rubber as he flees.
676,NARRATOR,scene_heading,"EXT. USC CAMPUS - DAY                                           31 """
678,NARRATOR,scene_description,"ON.VIDEO, Elle jogs while she addresses the camera."
679,ELLE                                            :,dialogue,(to camera)                                           . .
680,ELLE                                            :,dialogue,I'm totally focused and goal-oriented.
681,ELLE                                            :,dialogue,Plus I ' m able to sway people with my very
682,ELLE                                            :,dialogue,convincing arguments.                                       .
683,ELLE                                            :,dialogue,"She turns to Serena, jogging next to her."
684,ELL E,stage_direction,(continuing)
685,ELL E,dialogue,Calvin Klein's spring line is atrocious.
686,ELL E,dialogue,Don't you agree?
687,SERENA,stage_direction,(convinced)
688,SERENA,dialogue,Absolutely!
689,SERENA,dialogue,32   INT. DELTA GAMMA HOUSE - FOYER - DAY                            32
690,SERENA,dialogue,"Amy rushes in with a stack of mail, waving an LSAT envelope"
691,SERENA,dialogue,as she calls out.
692,AMY,dialogue,It's here!
693,AMY,dialogue,Elle rushes down the stairs as the other Delta Gammas gather
694,AMY,dialogue,around. Elle takes the envelope and says a quick prayer.
697,ELLE,dialogue,One seventy-five...one seventy- five...
698,ELLE,dialogue,She opens it and stares at it for a long moment. Then turns
699,ELLE,dialogue,it to the crowd and raises it above her head in triumph. The
700,ELLE,dialogue,girls immediately begin jumping up and down as group joy
701,ELLE,dialogue,ensues. Underdog yips with pride. The MONTAGE ENDS.
702,ELLE,dialogue,33   INT. HARVARD LAW ADMISSIONS OFFICE - DAY                       33
703,ELLE,dialogue,"ON THE TV, Elle stands up in the Jacuzzi."
704,ELLE,stage_direction,(on TV)
705,ELLE,dialogue,And that's why you should vote for me.
706,ELLE,dialogue,Elle Woods. Future lawyer. For the Class
707,ELLE,dialogue,of 2003.
708,ELLE,dialogue,"The video is PAUSED, as three ADMISSIONS GUYS in their 4.0's"
709,ELLE,dialogue,"sit at a table piled high with applications, the DEAN OF"
710,ELLE,dialogue,ADMISSIONS at the head of it. STUNNED SILENCE fills the room.
711,ELLE,dialogue,Finally one of them speaks.
712,ADMISSIONS GUY #1,dialogue,That was certainly a very --
713,ADMISSIONS GUY #1,stage_direction,(adjusting himself)
714,ADMISSIONS GUY #1,dialogue,Imaginative essay.
715,ADMISSIONS GUY #2,stage_direction,(to the Dean)
716,ADMISSIONS GUY #2,dialogue,She does have a 4.0 from USC and she got
717,ADMISSIONS GUY #2,dialogue,a one-seventy-nine on her LSATs.
718,DEAN OF ADMISSIONS,dialogue,A fashion major?
719,ADMISSIONS GUY #3,dialogue,"Well, we've never had one before..."
720,ADMISSIONS GUY #3,dialogue,aren't we always looking for diversity?
721,AMISSIONS GUY #1,dialogue,Her list of extracurriculars is
722,AMISSIONS GUY #1,dialogue,impressive.
723,AMISSIONS GUY #1,dialogue,The Dean looks at her application.
724,DEAN OF ADMISSIONS,stage_direction,(unimpressed)
725,DEAN OF ADMISSIONS,dialogue,She was in a Ricky Martin video --
726,ADMISSIONS GUY #2,dialogue,"Clearly, she's interested in music..."
729,DEAN OF ADMISSIONS,stage_direction,(reading on; skeptical)
730,DEAN OF ADMISSIONS,dialogue,She also designed a line of faux fur
731,DEAN OF ADMISSIONS,dialogue,panties for her sorority's charity
732,DEAN OF ADMISSIONS,dialogue,project --
733,ADMISSIONS GUY #3,dialogue,Then she's a friend to animals as well as
734,ADMISSIONS GUY #3,dialogue,a philanthropist.
735,. AMISSIONS GUY #1,dialogue,I think it's obvious that she's a very
736,. AMISSIONS GUY #1,dialogue,well-rounded individual.
737,. AMISSIONS GUY #1,dialogue,He points to Elle -- freeze-framed in her bikini-top on
738,. AMISSIONS GUY #1,dialogue,"video, on the TV. The admissions guys look to the Dean.      He"
739,. AMISSIONS GUY #1,dialogue,folds.
740,DEAN OF ADMISSIONS,dialogue,Elle Woods -- Welcome to Harvard.
741,DEAN OF ADMISSIONS,dialogue,34   EXT. WOODS' BACKYARD - DAY                         .              34
742,DEAN OF ADMISSIONS,dialogue,"Elle's parents -- DANIEL, in tennis clothes, and the face-"
743,DEAN OF ADMISSIONS,dialogue,lifted SAPPHIRE -- stare at Elle over juice by the pool.
744,DANIEL,stage_direction,(frowning)
745,DANIEL,dialogue,Law school?
746,DANIEL,dialogue,Sapphire puts a hand to her throat in distress.    Elle is
747,DANIEL,dialogue,confused.
748,ELLE,dialogue,It's a perfectly respectable place...
749,DANIEL,dialogue,"Sweetheart, you don't need law school."
750,DANIEL,dialogue,Law school is for people who are boring
751,DANIEL,dialogue,"and ugly and Serious. And you, button/"
752,DANIEL,dialogue,are none of those things.
753,DANIEL,dialogue,Sapphire is in agreement.
754,SAPPHIRE,dialogue,You were first runner-up in the Miss
755,SAPPHIRE,dialogue,Hawaiian Tropic contest. Why throw all
756,SAPPHIRE,dialogue,that away?
757,ELLE,dialogue,Because this is what I want. I've worked
758,ELLE,dialogue,hard for it. Don't you understand that
759,ELLE,dialogue,this is important to me?
762,(CONTINUED),dialogue,She looks at her uncomprehending parents.
763,ELLE,stage_direction,(continuing)
764,ELLE,dialogue,Going to Harvard is the only way I can
765,ELLE,dialogue,get the love of my life back!
766,ELLE,dialogue,"Sapphire looks at her, still not getting it."
767,SAPPHIRE,dialogue,Can't you just suck his wiener?
768,(TV VERSION),dialogue,Can't you just get your nose done?
769,(TV VERSION),dialogue,Elle reacts to her mother's skewed logic.
770,(TV VERSION),dialogue,35   EXT. HARVARD DORM - DAY                                         35
771,(TV VERSION),dialogue,"Pale, studious LAW STUDENTS clad in earth tones, move into"
772,(TV VERSION),dialogue,"their dorm, carrying in their spartan belongings (coffee"
773,(TV VERSION),dialogue,"makers, books, computers)."
774,(TV VERSION),dialogue,"In the distance, a HAPPY POP SONG (perhaps ""Heaven Tonight by"
775,(TV VERSION),dialogue,"Hole) is heard. As it gets louder, heads turn to see --"
776,(TV VERSION),dialogue,"A silver, convertible Boxster driving up, Elle at the wheel,/"
777,(TV VERSION),dialogue,MUSIC BLASTING. A large MOVING VAN follows the Boxster.
778,(TV VERSION),dialogue,"Peop le lean out of their windows, buzzing with interest as--"
779,(TV VERSION),dialogue,"Elle's car stops in front of the dorm. She hops out,"
780,(TV VERSION),dialogue,scooping up Underdog and looking every inch the LA-Fred-Segal-
781,(TV VERSION),dialogue,"glamour-queen, as she looks around with a smile."
782,(TV VERSION),dialogue,Elle looks at Underdog.
783,ELLE,dialogue,We're here!
784,ELLE,dialogue,She bends down to pour some Evian into his inflatable doggy
785,ELLE,dialogue,"dish, inadvertently revealing cleavage to a passing"
786,ELLE,dialogue,BESPECTACLED BOY (several yards away).
787,ELLE,dialogue,"He trips, dropping his I-MAC. It shatters into a million"
788,ELLE,dialogue,pieces.
789,ELLE,dialogue,Not noticing/ Elle stands and turns to two MOVING GUYS/ who
790,ELLE,dialogue,"are hauling a pink, faux-fur love seat and a potted palm tree"
791,ELLE,dialogue,out of the truck.
794,ELLE,stage_direction,(continuing)
795,ELLE,dialogue,"This way, guys!"
796,ELLE,dialogue,"With a beauty queen smile in place, she strides into the dorm"
797,ELLE,dialogue,as the other students watch in amazement.
798,ELLE,dialogue,HANGING OUT OF THE WINDOW
799,ELLE,dialogue,"ARROGANT AARON, a Mensa geek with attitude, turns to his"
800,ELLE,dialogue,roommate.
801,ARROGANT AARON,dialogue,Whose knob did she honk to get in here?
802,ARROGANT AARON,dialogue,36   EXT. LAW SCHOOL QUAD - DAY                                             36
803,ARROGANT AARON,dialogue,""" W e l c o m e Law Students Class of 2003"" banners hang over"
804,ARROGANT AARON,dialogue,o r i e n t a t i o n tables manned by second year law students (2L's)
805,ARROGANT AARON,dialogue,w e a r i n g red t-shirts. Club tables with banners that read
806,ARROGANT AARON,dialogue,""" H a r v a r d Law Journal"" and ""Environmental Law Association"" are"
807,ARROGANT AARON,dialogue,s e t up nearby.
808,ARROGANT AARON,dialogue,E l l e takes a packet from a fuzzy MALE 2L.
809,ARROGANT AARON,dialogue,F U Z Z Y 2L
810,ARROGANT AARON,dialogue,"Class schedule, map, book list."
811,ELLE,dialogue,H a s Warner Huntington checked in yet?
812,ELLE,dialogue,F U Z Z Y 2L
813,ELLE,stage_direction,( ch ec ki ng)
814,ELLE,dialogue,"U h , no. Maybe you should try the Lido"
815,ELLE,dialogue,dec k.
816,ELLE,dialogue,"S h e frowns and starts to move on, but then looks through the"
817,ELLE,dialogue,p a c k e t with a frown and turns back.
818,ELLE,dialogue,W a i t -- my social events schedule is             .
819,ELLE,dialogue,mis sin g.
820,ELLE,dialogue,F U Z Z Y 2L
821,ELLE,dialogue,Y o u r what?
822,ELLE,dialogue,"You know -- mixers, formals, beach"
823,ELLE,dialogue,trips.
826,FUZZY 2L,stage_direction,(deadpan)
827,FUZZY 2L,dialogue,There's a pizza welcome lunch in twenty
828,FUZZY 2L,dialogue,minutes. Does that count?
829,ELLE,stage_direction,(wrinkling her nose)
830,ELLE,dialogue,I guess it'll have t o . . .
831,ELLE,dialogue,"The Fuzzy Guy looks at the red-shirted BALD 2L next to him,"
832,ELLE,dialogue,"as Elle walks off. ,"
833,FUZZY 2L,dialogue,What the hell.was that?
834,BALD 2L,stage_direction,(watching her go)
835,BALD 2L,dialogue,Malibu Barbie lives.
836,BALD 2L,dialogue,37   EXT. HARVARD LAW SCHOOL - OUTDOOR GARDEN - DAY                       37
837,BALD 2L,dialogue,"Elle sits at the outdoor table, ignoring her slice of pizza,"
838,BALD 2L,dialogue,"as she looks around for Warner. Not finding him, she turns"
839,BALD 2L,dialogue,"her attention to the Group Leader, a BURNED OUT 2L in a red t-"
840,BALD 2L,dialogue,shirt.
841,BURNED OUT 2L,dialogue,Okay. Welcome to law school. This is the
842,BURNED OUT 2L,dialogue,part where we go around in a circle and
843,BURNED OUT 2L,dialogue,everyone says a little bit about
844,BURNED OUT 2L,dialogue,themselves. Let's start with you.
845,BURNED OUT 2L,dialogue,"He gestures at a guy with glasses, DORKY DAVID."
846,DORKY DAVID,dialogue,"I have a Masters in Russian Literature, a"
847,DORKY DAVID,dialogue,"Ph.D in Biochemistry, and for the last"
848,DORKY DAVID,dialogue,"eighteen months, I've been de- worming"
849,DORKY DAVID,dialogue,orphans in Somalia.
850,BURNED OUT 2L,dialogue,"Awesome.   How about you, Enid?"
851,BURNED OUT 2L,dialogue,"ENID, a militant feminista, looks up."
852,ENID,dialogue,P h.D from Berkeley in Women's Studies--
853,ENID,dialogue,emphasis in the History of Combat. And
854,ENID,dialogue,"last year, I led the march for Lesbians"
855,ENID,dialogue,Against Drunk Driving.
856,BURNED OUT 2L,dialogue,Killer.
859,(CONTINUED),dialogue,"He looks at an intense guy in his late twenties, IVAN."
860,INTENSE IVAN,dialogue,"I've got an MBA from Wharton, worked on"
861,INTENSE IVAN,dialogue,"Wall Street for four years, mushed in"
862,INTENSE IVAN,dialogue,three ididarods and I ' ve figured out how
863,INTENSE IVAN,dialogue,to crash the stock market in Sri Lanka if
864,INTENSE IVAN,dialogue,any of you want to get together later.
865,BURNED OUT 2L,dialogue,Sweet.    What about you?
866,BURNED OUT 2L,dialogue,He looks at Elle.   She sits up straight.
867,ELLE,dialogue,I ' m a Gemini. I have a Bachelors degree
868,ELLE,dialogue,"from USC, where I was Sigma Chi"
869,ELLE,dialogue,"Sweetheart and president of Delta Gamma,"
870,ELLE,dialogue,and last year '  -- I was Homecoming Queen .
871,ELLE,dialogue,"She smiles, as the group leader nods, waiting."
872,ELL E,stage_direction,(continuing)
873,ELL E,dialogue,Oh!
874,ELL E,stage_direction,(dramatically)
875,ELL E,dialogue,"Two weeks ago, I saw Cameron Diaz at Fred"
876,ELL E,dialogue,Segal -- and talked her out of buying a
877,ELL E,dialogue,truly heinous angora sweater! Whoever
878,ELL E,dialogue,said that orange is the new pink is
879,ELL E,dialogue,seriously disturbed.
880,ELL E,dialogue,"She looks around, pleased. Enid' snickers as the rest of the"
881,ELL E,dialogue,"group stares at Elle, dumbfounded."
882,ELL E,dialogue,38   INT. ELLE'S DORM ROOM - DAY                                        38
883,ELL E,dialogue,"A grey, dingy, cell-block style room -- now crammed with"
884,ELL E,dialogue,"Elle's clothes, the pink fluffy love seat and potted palm,"
885,ELL E,dialogue,"along with an Elliptical Cross-Trainer, pink flamingo party"
886,ELL E,dialogue,lights and a neon pink margarita glass sculpture.
887,ELL E,dialogue,Elle tries to shove a large law textbook into her tiny Prada
888,ELL E,dialogue,backpack to no avail. She gives up and tosses the book onto
889,ELL E,dialogue,the bed where Underdog leaps away to miss being squished.
890,ELLE,dialogue,"Wish me luck, Underdog. It's my first"
891,ELLE,dialogue,class as a serious law student.
892,ELLE,dialogue,She kisses him and looks down at her completely inappropriate
893,ELLE,dialogue,"skimpy Gucci outfit, which she accents by putting on trendy,"
894,ELLE,dialogue,wire-rimmed glasses.
897,ELLE,stage_direction,(continuing; to herself)
898,ELLE,dialogue,I totally look the part!
899,ELLE,dialogue,39   INT. LAW SCHOOL HALLWAY - DAY                                      39
900,ELLE,dialogue,"Elle heads for a classroom, amidst a crowd of students who"
901,ELLE,dialogue,"eye her like she's an alien. She rounds a corner, seeing --"
902,ELLE,dialogue,"WARNER, in all his handsome glory, looking over his schedule."
903,ELLE,dialogue,"She starts toward him, as if pulled by a magnetic force."
904,ELLE,dialogue,Arrogant Aaron sees her passing by.
905,ARROGANT AARON,stage_direction,(seductively)
906,ARROGANT AARON,dialogue,H l o t e e. . . . . . .
907,ARROGANT AARON,dialogue,el hr.
908,ARROGANT AARON,dialogue,"Elle keeps going, not even noticing him. Eyes only for"
909,ARROGANT AARON,dialogue,"Warner. Arrogant Aaron stomps away, pissed at the perceived"
910,ARROGANT AARON,dialogue,blow-off.
911,ARROGANT AARON,dialogue,"As Elle gets closer to Warner, she opts for wandering past"
912,ARROGANT AARON,dialogue,"him, seemingly oblivious to his presence."
913,WARNER,stage_direction,(stunned)
914,WARNER,dialogue,Elle?!
915,WARNER,dialogue,"Elle turns, ultra-nonchalant."
916,ELLE,dialogue,"Warner?! Oh my God, I completely forgot"
917,ELLE,dialogue,you were going here!
918,ELLE,dialogue,"He looks at her, confused.    People walk by, staring."
919,WARNER,dialogue,What're you talking about? You're not
920,WARNER,dialogue,here to see me?
921,ELLE,dialogue,"No, silly.    I go here."
922,WARNER,stage_direction,(still confused)
923,WARNER,dialogue,You go where?
924,ELLE,dialogue,Harvard. Law school.
927,WARNER,dialogue,v- y
928,WARNER,dialogue,  You got into Harvard Law?
929,E LL E.,stage_direction,(con fuse d at his confusion)
930,E LL E.,dialogue,"W h at , like it's that.hard?"
931,E LL E.,dialogue,W a rn e r stares at her :-- completely discombobulated. She
932,E LL E.,dialogue,s m i l es sweetly and makes a show of checking her watch.
933,. ELLE,stage_direction,(continuing)
934,. ELLE,dialogue,Oops! Time for class. Meet me after?
935,. ELLE,dialogue,On the benches?
936,WARNER,dialogue,Uh -- sure.
937,WARNER,dialogue,She sashays off with a confident smile.
938,WARNER,dialogue,40   INT. CIVIL PROCEDURES CLASS - DAY                                   4.0.
939,WARNER,dialogue,"Students file in and take their seats. Elle enters, looking"
940,WARNER,dialogue,"around nervously at the imposing auditorium. Arrogant Aaron,"
941,WARNER,dialogue,"next to her, leans over."
942,ARROGANT AARON,dialogue,"If you're looking for the best seat, I"
943,ARROGANT AARON,dialogue,hear the front row is the place to be.
944,ARROGANT AARON,dialogue,Elle smiles at him.
945,ELLE,dialogue,Thanks.
946,ELLE,dialogue,41   INT. CIVIL PROCEDURES CLASS - DAY - LATER                           41
947,ELLE,dialogue,"PROFESSOR ELSPETH STROMWELL, a tough-as-nails Grande Dame in"
948,ELLE,dialogue,"her 50' s , addresses the class. Laptops abound -- except for"
949,ELLE,dialogue,"Elle, who has a fuzzy pink notebook and a pen with a pink"
950,ELLE,dialogue,plastic heart on the end.
951,PROFESSOR STROMWELL,dialogue,A legal education means you will learn to
952,PROFESSOR STROMWELL,dialogue,speak in a new language. You will be
953,PROFESSOR STROMWELL,dialogue,taught to achieve insight into the world
954,PROFESSOR STROMWELL,dialogue,"around you, and to sharply question what"
955,PROFESSOR STROMWELL,dialogue,you know.
956,PROFESSOR STROMWELL,dialogue,Everyone soaks this up.        Including Elle.
957,PROFESSOR STROMWELL,stage_direction,(C ONT IN UED )
960,PROFESSOR STROMWELL,stage_direction,(continuing)
961,PROFESSOR STROMWELL,dialogue,The seat you've picked is yours for the
962,PROFESSOR STROMWELL,dialogue,next nine months of your life. Enjoy it.
963,PROFESSOR STROMWELL,dialogue,"And those of you in the front row,"
964,PROFESSOR STROMWELL,dialogue,beware.      .    ..
965,PROFESSOR STROMWELL,dialogue,"El le , in the front row, between two UNSHOWERED BRANIACS,"
966,PROFESSOR STROMWELL,dialogue,"looks around, panicked. One of the braniacs passes her the"
967,PROFESSOR STROMWELL,dialogue,seating chart and she has no choice but to sign her name.
968,PROFESSOR STROMWELL,dialogue,"In the back, Arrogant Aaron nudges his friend and smiles."
969,PROFESSOR STROMWELL,stage_direction,(continuing)
970,PROFESSOR STROMWELL,dialogue,"""The law is reason free from passion."""
971,PROFESSOR STROMWELL,dialogue,Does anyone know who spoke those immortal
972,PROFESSOR STROMWELL,dialogue,words?
973,PROFESSOR STROMWELL,dialogue,Dorky David raises his hand.
974,PROFESSOR STROMWELL,stage_direction,(continuing)
975,PROFESSOR STROMWELL,dialogue,Yes?
976,DORKY DAVID,stage_direction,(confidently)
977,DORKY DAVID,dialogue,Aristotle.
978,DORKY DAVID,dialogue,Professor Stromwell approaches him the way Cruella de Ville
979,DORKY DAVID,dialogue,approaches a puppy.
980,PROFESSOR STROMWELL,dialogue,Are you sure?
981,PROFESSOR STROMWELL,dialogue,Now he's not.
982,DORKY DAVID,dialogue,Yes?
983,PROFESSOR STROMWELL,dialogue,~        Would you be willing to stake your life
984,PROFESSOR STROMWELL,dialogue,on it?
985,DORKY DAVID,dialogue,I think so...
986,PROFESSOR STROMWELL,dialogue,H o w about --
987,PROFESSOR STROMWELL,dialogue,"She spins around, roughly POKING another student in the head."
990,PROFESSOR STROMWELL,stage_direction,(continuing)
991,PROFESSOR STROMWELL,dialogue,his life?
992,DORKY DAVID,stage_direction,(scared)
993,DORKY DAVID,dialogue,I don't know.
994,PROFESSOR STROMWELL,dialogue,"Well, I recommend knowing before"
995,PROFESSOR STROMWELL,dialogue,speaking.. The law leaves much room for
996,PROFESSOR STROMWELL,dialogue,interpretation -- but very little for
997,PROFESSOR STROMWELL,dialogue,self-doubt.
998,PROFESSOR STROMWELL,dialogue,As she turns away --
999,PROFESSOR STROMWELL,stage_direction,(continuing)
1000,PROFESSOR STROMWELL,dialogue,And you were right. It was Aristotle.
1001,PROFESSOR STROMWELL,dialogue,The class half-laughs in relief.
1002,PROFESSOR STROMWELL,stage_direction,(continuing)
1003,PROFESSOR STROMWELL,dialogue,I assume you've all read pages 1- 48 and
1004,PROFESSOR STROMWELL,dialogue,are now well-versed in subject matter
1005,PROFESSOR STROMWELL,dialogue,jurisdiction.
1006,PROFESSOR STROMWELL,dialogue,"Elle looks around, surprised, as students open their books."
1007,PROFESSOR STROMWELL,stage_direction,(continuing)
1008,PROFESSOR STROMWELL,dialogue,Who can tell us about Gordon v. Steele?
1009,PROFESSOR STROMWELL,dialogue,Silence.   Stromwell looks down at the seating chart.
1010,PROFESSOR STROMWELL,stage_direction,(continuing)
1011,PROFESSOR STROMWELL,dialogue,Ivan Greenstein?
1012,PROFESSOR STROMWELL,dialogue,Intense Ivan straightens in his' seat.
1013,IVAN,dialogue,Gordon sued her doctors for malpractice.
1014,PROFESSOR STROMWELL,dialogue,And what did the dispute entail?
1015,PROFESSOR STROMWELL,stage_direction,(looking at her chart)
1016,PROFESSOR STROMWELL,dialogue,Let's call on someone in the hot zone.
1017,PROFESSOR STROMWELL,dialogue,"Elle Woods? Elle looks up, distressed."
1020,ELLE,dialogue,Uh... I wasn't aware that we had an
1021,ELLE,dialogue,assignment.
1022,PROFESSOR STROMWELL,stage_direction,(looking at her chart)
1023,PROFESSOR STROMWELL,dialogue,Sarah Knottingham?
1024,PROFESSOR STROMWELL,dialogue,"SARAH KNOTTINGHAM -- a prim and preppy blue-blood brunette,"
1025,PROFESSOR STROMWELL,dialogue,dressed in pearls and a sweater set -- looks up.
1026,PROFESSOR STROMWELL,stage_direction,(continuing)
1027,PROFESSOR STROMWELL,dialogue,Do you think it's acceptable that Ms.
1028,PROFESSOR STROMWELL,dialogue,Woods is unprepared?
1029,PROFESSOR STROMWELL,dialogue,Sarah looks over at Elle. Elle gives her a mortified smile.
1030,PROFESSOR STROMWELL,dialogue,Sarah turns back to Professor Stromwell.
1031,SARAH,dialogue,"No, I don't."
1032,PROFESSOR STROMWELL,dialogue,Would you support my decision to ask her
1033,PROFESSOR STROMWELL,dialogue,to leave and return to class only when
1034,PROFESSOR STROMWELL,dialogue,she is prepared?
1035,SARAH,dialogue,Absolutely.
1036,SARAH,dialogue,Elle can't believe that this girl would betray her. Having
1037,SARAH,dialogue,"no choice,, she gathers her purse and goes, completely"
1038,SARAH,dialogue,humiliated. Professor Stromwell returns to the matter at
1039,SARAH,dialogue,hand.
1040,PROFESSOR STROMWELL,dialogue,"Now, Ms. Knottingham, did diversity"
1041,PROFESSOR STROMWELL,dialogue,jurisdiction'exist in this case?
1042,PROFESSOR STROMWELL,dialogue,42   EXT. LAW SCHOOL QUAD - BENCHES - DAY - LATER                        42
1043,PROFESSOR STROMWELL,dialogue,EMMETT -- a shy and quirkily handsome 28-year-old who could
1044,PROFESSOR STROMWELL,dialogue,"pass for younger -- sits on a bench, going over some papers."
1045,PROFESSOR STROMWELL,dialogue,He looks up and spots Elle -- sitting across from him --
1046,PROFESSOR STROMWELL,dialogue,looking traumatized.
1047,EMMETT,dialogue,Are you okay?
1048,EMMETT,dialogue,"Elle looks up, snapping out of her stupor."
1051,ELLE,dialogue,Do they just -- put you on the spot like
1052,ELLE,dialogue,"that? Like, all the time?"
1053,EMMETT,dialogue,"The professors? Yeah, they tend- to do"
1054,EMMETT,dialogue,that. Socratic method.
1055,ELLE,dialogue,"And if you don't know the answer, they"
1056,ELLE,dialogue,just kick you out?
1057,ELLE,dialogue,He smiles.
1058,EMMETT,dialogue,You have Stromwell.
1059,ELLE,stage_direction,(hopeful)
1060,ELLE,dialogue,"Did she do that to you, too?"
1061,EMMETT,dialogue,"No, but she made me cry once. Not in"
1062,EMMETT,dialogue,"class -- I waited until I got to my room,"
1063,EMMETT,dialogue,"but yeah, she can pretty much shrivel"
1064,EMMETT,dialogue,"your balls -- or you know, your"
1065,EMMETT,dialogue,whatevers .
1066,ELLE,stage_direction,(stricken)
1067,ELLE,dialogue,"Neat .                  '   ,   '"
1068,EMMETT,dialogue,Don't worry. It gets better. Who else
1069,EMMETT,dialogue,do you have?
1070,EMMETT,dialogue,Elle looks at her schedule.
1071,ELLE,dialogue,"Donovan, Royalton and Levinson."
1072,EMMETT,dialogue,Speak up in Donovan's class. He likes
1073,EMMETT,dialogue,people with an opinion. Sit in the back
1074,EMMETT,dialogue,for Royalton. He tends to spit when he
1075,EMMETT,dialogue,talks about products liability.
1076,EMMETT,dialogue,Elle makes a face.      He smiles.   Liking her.
1079,EMMETT,stage_direction,(continuing)
1080,EMMETT,dialogue,And make sure you read the footnotes in
1081,EMMETT,dialogue,Levinson's class. That's where all her
1082,EMMETT,dialogue,exam questions come from.
1083,ELLE,dialogue,Wow.   I ' m glad I met you.
1084,ELLE,dialogue,"She smiles at him, grateful."
1085,EMMETT,dialogue,"Oh, and getting one of Stromwell's daily"
1086,EMMETT,dialogue,quotes right is almost as important as
1087,EMMETT,dialogue,acing the mid-term. But you didn't hear
1088,EMMETT,dialogue,it from me.
1089,EMMETT,dialogue,Students trickle out of the building.
1090,"ELLE ""                .:.",dialogue,Are you a third-year?
1091,"ELLE ""                .:.",dialogue,"Warner walks up, behind Emmett, interrupting."
1092,WARNER,dialogue,Hey.
1093,WARNER,dialogue,"Elle looks up, pure adoration on her face."
1094,ELLE,dialogue,Hi!
1095,ELLE,dialogue,Emmett rises and walks off.
1096,EMMETT,dialogue,Good luck.
1097,ELLE,stage_direction,(calling after him)
1098,ELLE,dialogue,Thanks again for your help!
1099,ELLE,dialogue,"Warner remains standing, still somewhat uncomfortable with"
1100,ELLE,dialogue,her presence here.
1101,WARNER,dialogue,S o -- uh -- how was your first class?
1102,ELLE,dialogue,Fine. Except for this horrible girl who
1103,ELLE,dialogue,made me look bad in front of my Civ Pro
1104,ELLE,dialogue,professor. But no biggie. You're here
1105,ELLE,dialogue,now.
1108,ELLE,stage_direction,(perky)
1109,ELLE,dialogue,How was your summer?
1110,ELLE,dialogue,She pats the bench beside her.     He doesn't move.
1111,WARNER,stage_direction,(distracted)
1112,WARNER,dialogue,Good. Good.
1113,ELLE,dialogue,Do anything exciting?
1114,ELLE,dialogue,A female hand snakes around Warner's chest from behind.
1115,ELLE,dialogue,Warner turns and brings the owner of the hand around to his
1116,ELLE,dialogue,"side, presenting her."
1117,WARNER,stage_direction,(nervous)
1118,WARNER,dialogue,"Urn, hey, have you met Sarah?"
1119,WARNER,dialogue,"Sarah, the horrible girl herself, holds out her hand to Elle,"
1120,WARNER,dialogue,full of contempt.
1121,SARAH,dialogue,Hi.     Sarah Knottingham.
1122,ELLE,stage_direction,(to Warner; horrified)
1123,ELLE,dialogue,You know her?
1124,WARNER,dialogue,She 's --
1125,WARNER,dialogue,Sarah jumps in.
1126,SARAH           .,dialogue,-- I ' m his fiancee.
1127,SARAH           .,dialogue,Elle stares at her. Sarah tucks a piece of her mousy brown
1128,SARAH           .,dialogue,hair behind her ear and there it is -- The Rock.
1129,ELLE,stage_direction,(in disbelief)
1130,ELLE,dialogue,"I'm sorry, I just hallucinated."
1131,WARNER,dialogue,Sarah was my girlfriend at prep school.
1132,WARNER,dialogue,We got back together over the summer at
1133,WARNER,dialogue,my grandmother's birthday party.
1134,WARNER,dialogue,Elle looks stricken.     Sarah gives her a smug smile.
1137,SARAH,dialogue,Warner told me all about you. You're
1138,SARAH,dialogue,famous at our Club.
1139,SARAH,dialogue,She says it in a way that is anything but flattering.   In
1140,SARAH,dialogue,"fact, it's completely condescending."
1141,SARAH,stage_direction,(continuing; pointedly)
1142,SARAH,dialogue,But he didn't tell me you'd be here.
1143,WARNER,dialogue,I didn't know --
1144,WARNER,dialogue,Elle looks from Warner to Sarah.
1145,ELLE,dialogue,Excuse me.
1146,ELLE,dialogue,"She rushes off.    Sarah watches her go, a smug grin on her"
1148,ELLE,dialogue,"face,"
1149,SARAH,stage_direction,(to Warner)
1150,SARAH,dialogue,I thought you said she was pretty.
1151,SARAH,dialogue,43   EXT. STREET/INT. ELLE'S CONVERTIBLE BOXSTER- DAY                43
1152,SARAH,dialogue,"Elle drives, wiping the tears from her face. She spots"
1153,SARAH,dialogue,"something off to the side and SWERVES her car toward it, a"
1154,SARAH,dialogue,gasp of hope escaping her lips.
1155,SARAH,dialogue,"Her car stops in front of a strip mall salon called ""Beauty"
1156,SARAH,dialogue,"Oasis""."
1157,SARAH,dialogue,44   INT. BEAUTY OASIS - DAY                                         44
1158,SARAH,dialogue,"A downscale, blue-collar salon, with five hair chairs and two"
1159,SARAH,dialogue,manicure stations. Old ladies and young waitresses get perms.
1160,SARAH,dialogue,"PAULETTE --early 40s, lower-middle class, hard-edged, plus-"
1161,SARAH,dialogue,sirzed -- looks up as a defeated Elle sinks into the manicure
1162,SARAH,dialogue,chair.(The manicure station is plastered with pictures of
1163,SARAH,dialogue,"RUFUS, a big, slobbering pit-bull)."
1164,PAULETTE,dialogue,Bad day?
1165,PAULETTE,dialogue,Elle holds out her hands. Paulette dips them into a dish of
1166,PAULETTE,dialogue,soapy water.
1167,ELLE,dialogue,You can't even imagine.
1170,PAULETTE,dialogue,".Spill.,"
1171,PAULETTE,dialogue,Elle lets it all out in a rush.
1172,ELLE,dialogue,I worked really hard to get into law
1173,ELLE,dialogue,school -- I blew off Spring Break and
1174,ELLE,dialogue,"Greek Week to study for the LSATs, I"
1175,ELLE,dialogue,completely neglected my Homecoming Queen
1176,ELLE,dialogue,"duties, I hired a Coppola to direct my"
1177,ELLE,dialogue,admissions video -- all so I could get my
1178,ELLE,dialogue,boyfriend Warner back and now he's
1179,ELLE,dialogue,engaged to this awful girl Sarah so it
1180,ELLE,dialogue,was all for nothing! I wish I ' d never
1181,ELLE,dialogue,even come to Harvard.
1182,ELLE,dialogue,Paulette dries Elle's hands and begins filing.
1183,PAULETTE,dialogue,After you went to all that trouble?
1184,ELLE                                           :,dialogue,"Well, what am I supposed to do? He's"
1185,ELLE                                           :,dialogue,engaged! She's got the family six-carat
1186,ELLE                                           :,dialogue,"on her bony, unpolished finger."
1187,PAULETTE,dialogue,You're asking the wrong girl. I ' m with
1188,PAULETTE,dialogue,my guy eight years and then one day it's
1189,PAULETTE,dialogue,"""I met someone else. Move out."""
1190,ELLE,stage_direction,(horrified)
1191,ELLE,dialogue,What'd you do?
1192,PAULETTE,dialogue,Cried a lot and gained twenty pounds.
1193,PAULETTE,dialogue,Dewey kept the trailer and my precious
1194,PAULETTE,dialogue,baby Rufus. I got jackcrap.
1195,PAULETTE,dialogue,She looks at a picture of the pit-bull.
1196,PAULETTE,stage_direction,(continuing; re the dog)
1197,PAULETTE,dialogue,I didn't even get to go to his birthday
1198,PAULETTE,dialogue,party.
1199,ELLE,dialogue,No!
1202,PAUL ETTE,dialogue,What could I do?
1203,PAUL ETTE,stage_direction,(shrugging)
1204,PAUL ETTE,dialogue,He's a man who followed his pecker to
1205,PAUL ETTE,dialogue,greener pastures. I ' m a middle-aged high-
1206,PAUL ETTE,dialogue,school dropout with stretch marks and a
1207,PAUL ETTE,dialogue,fat ass. Happens every day. At least to
1208,PAUL ETTE,dialogue,women like me.
1209,ELLE                                   .,dialogue,That's terrible!
1210,PAULETTE,dialogue,"So, what's this Sarah got that you don't?"
1211,PAULETTE,dialogue,Three tits?                                              -
1212,ELLE,dialogue,She's from Connecticut. She belongs to
1213,ELLE,dialogue,his stupid country club.
1214,PAULETTE,dialogue,Is she as pretty as you?
1215,PAULETTE,dialogue,Elle looks down.
1216,ELLE,stage_direction,(embarrassed)
1217,ELLE,dialogue,I ' m not pretty -- I ' m genetically
1218,ELLE,dialogue,blessed.
1219,ELLE,dialogue,"Paulette rolls her eyes, shaking her bottle of polish and"
1220,ELLE,dialogue,starting on Elle's right hand.
1221,PA UL ETT E,dialogue,"Is sJie.?                                                """
1222,ELL E,dialogue,She could use some mascara and some
1223,ELL E,dialogue,"serious highlights, but she's not"
1224,ELL E,dialogue,completely unfortunate- looking.
1225,UPS GUY (O.S.),dialogue,"Hello, ladies."
1226,UPS GUY (O.S.),dialogue,"Paulette looks up to see the UPS GUY, a strapping hunk of a"
1227,UPS GUY (O.S.),dialogue,"man in his late 30' s . She blushes and smooths down her hair,"
1228,UPS GUY (O.S.),dialogue,knocking over a bottle of nail polish in the process. Trying
1229,UPS GUY (O.S.),dialogue,to play it off as she signs for the package.
1232,UPS GUY                            .,dialogue,See ya later.
1233,UPS GUY                            .,dialogue,He goes. Paulette watches him. Elle notices.
1234,PAULETTE,dialogue,(hating herself)                               .
1235,PAULETTE,dialogue,Could I be anymore goddamn spastic?
1236,PAULETTE,stage_direction,(beat)
1237,PAULETTE,dialogue,"So you're sure, this Warner guy is ""the"
1238,PAULETTE,dialogue,"one""?"
1239,ELLE,dialogue,Definitely! I love him!
1240,ELLE,dialogue,Paulette looks at her.
1241,PAULETTE,dialogue,If a girl like you can't hold on to her
1242,PAULETTE,dialogue,man -- then there sure as hell isn't any
1243,PAULETTE,dialogue,hope for the rest of us. What're you
1244,PAULETTE,dialogue,waiting for? Steal the bastard back.
1245,PAULETTE,dialogue,45   INT. DORMITORY - WARNER'S ROOM - DAY                          45
1246,PAULETTE,dialogue,"Elle knocks on Warner's door, bottle of wine and two glasses"
1247,PAULETTE,dialogue,in hand.
1248,ELLE,dialogue,Warner?
1249,ELLE,dialogue,"When she gets no answer, she write a message on his memo"
1250,ELLE,dialogue,"board -- CLOSE ON-- ""Call me! Love, You Know Who""."
1251,ELLE,dialogue,She leaves the wine bottle and two glasses and goes.
1252,ELLE,dialogue,46   EXT. HARVARD LAW CAMPUS - DAY                                 46
1253,ELLE,dialogue,"Elle is in her push-up bikini, reclining in her beach chair,"
1254,ELLE,dialogue,"pink frozen margarita in one hand, Underdog in the other, law"
1255,ELLE,dialogue,"book in her lap, pretending to study."
1256,ELLE,dialogue,We PULL BACK to reveal that she's sitting on the sidelines of
1257,ELLE,dialogue,a touch-football game that Warner is playing with a group of
1258,ELLE,dialogue,other 1-L's.
1259,ELLE,dialogue,Warner scores easily because the other male eyes are all on
1260,ELLE,dialogue,Elle. He shakes his head and smiles.
1262,ELLE,dialogue,47   INT. CRIMINAL LAW CLASS - DAY                                   47
1263,ELLE,dialogue,"Elle sits, glaring at Sarah, who keeps waving her ""The Rock"""
1264,ELLE,dialogue,"in Elle's direction, as she plays footsie with Warner."
1265,ELLE,dialogue,"PROFESSOR DONOVAN -- 40s, a big fan of himself, salt and"
1266,ELLE,dialogue,"pepper hair, no time for bullshit -- stands before the class."
1267,PROFESSOR DONOVAN,dialogue,I should warn you that in addition to
1268,PROFESSOR DONOVAN,dialogue,competing against each other for the top
1269,PROFESSOR DONOVAN,dialogue,"grade in this class, you'll also be"
1270,PROFESSOR DONOVAN,dialogue,competing for one of my firm's highly
1271,PROFESSOR DONOVAN,dialogue,coveted four internship spots next year
1272,PROFESSOR DONOVAN,dialogue,where you will get to assist on actual
1273,PROFESSOR DONOVAN,dialogue,"cases. Let the bloodbath begin. Now,"
1274,PROFESSOR DONOVAN,dialogue,let's commence with our usual torture --
1275,PROFESSOR DONOVAN,dialogue,He looks around.
1276,PROFESSOR DONOVAN,stage_direction,(continuing)
1277,PROFESSOR DONOVAN,dialogue,Ms . Woods --
1278,PROFESSOR DONOVAN,dialogue,"Sarah and her bitchy, clone-like friend CLAIRE exchange"
1279,PROFESSOR DONOVAN,dialogue,knowing glances.
1280,SARAH,dialogue,This should be amusing.
1281,PROFESSOR DONOVAN,dialogue,Would you rather have a client who
1282,PROFESSOR DONOVAN,dialogue,committed a crime malum in se or malum
1283,PROFESSOR DONOVAN,dialogue,prohibitum?
1284,ELLE,dialogue,Neither.
1285,PROFESSOR DONOVAN,dialogue,Why not?
1286,ELLE,dialogue,I'd rather have a client who's innocent.
1287,ELLE,dialogue,"Elle smiles, proud of her answer. The class snickers. Warner"
1288,ELLE,dialogue,frowns.
1289,PROFESSOR DONOVAN,dialogue,".        Dare to dream, Ms. Woods. Ms."
1290,PROFESSOR DONOVAN,dialogue,Knottingham? Which would you prefer?
1293,SARAH,dialogue,Malum prohibitum. Because the client
1294,SARAH,dialogue,would've committed a regulatory
1295,SARAH,dialogue,infraction as opposed to a dangerous
1296,SARAH,dialogue,crime.
1297,SARAH,dialogue,Elle raises her hand.
1298,PROFESSOR DONOVAN,dialogue,Yes?   Ms. Woods?
1299,' ELLE                '    ..,dialogue,I changed my mind. I ' d pick the
1300,' ELLE                '    ..,dialogue,dangerous one.
1301,' ELLE                '    ..,dialogue,She looks pointedly at Sarah.
1302,ELLE (CONT''D),stage_direction,(continuing)
1303,ELLE (CONT''D),dialogue,I ' m not afraid of a challenge.
1304,ELLE (CONT''D),dialogue,Sarah glares back at her. Warner looks between the two of
1305,ELLE (CONT''D),dialogue,"them, worried."
1306,ELLE (CONT''D),dialogue,48   INT. STUDY LOUNGE - DAY                                          48
1307,ELLE (CONT''D),dialogue,The Harvard Public Interest Law Association meeting is
1308,ELLE (CONT''D),dialogue,"O        underway. Warner .listens intently, A few seats away, Elle"
1309,ELLE (CONT''D),dialogue,appears to be taking notes.
1310,ELLE (CONT''D),dialogue,"C L O SE ON--her ""notes"" -- ""I'm free for dinner tonight. Meet"
1311,ELLE (CONT''D),dialogue,"me at The Cask & Flagon at 8."""
1312,ELLE (CONT''D),dialogue,"She folds the note and sticks it in Underdog's mouth, then points"
1313,ELLE (CONT''D),dialogue,"him toward Warner. Humiliated but dutiful, Underdog bounds off."
1314,ELLE (CONT''D),dialogue,"CLOSE ON -- Underdog, as he carries forth his mission,"
1315,ELLE (CONT''D),dialogue,arriv ing at Warner's feet. UNDERDOG'S POV -- Warner
1316,ELLE (CONT''D),dialogue,"discreetly takes the note from him, then looks over at Elle,"
1317,ELLE (CONT''D),dialogue,who feigns interest in the meeting.
1318,ELLE (CONT''D),dialogue,49   INT. CASK & FLAGON RESTAURANT - NIGHT                            49
1319,ELLE (CONT''D),dialogue,"Elle waits for Warner, alone at a table. Checking her watch"
1320,ELLE (CONT''D),dialogue,"to see it's 8:45, she tries not to be sad."
1321,ELLE (CONT''D),dialogue,50   INT. HARVARD LAW LIBRARY - DAY                                   50
1322,ELLE (CONT''D),dialogue,"Warner and his study group, Sarah and Claire included, sit at"
1323,ELLE (CONT''D),dialogue,"a table, going over their outlines. Elle walks up to the"
1324,ELLE (CONT''D),dialogue,"table, holding a basket of muffins, bright smile on her face."
1327,ELLE,dialogue,'        I ' m here to join your study group. And
1328,ELLE,dialogue,look! I brought sustenance!
1329,ELLE,dialogue,"She holds up the muffins as the others look up, frowns all"
1330,ELLE,dialogue,around.
1331,WARNER,stage_direction,(nervously looking at Sarah)
1332,WARNER,dialogue,"Elle, what're you doing here?"
1333,WARNER,dialogue,Elle pulls up a chair from another table and holds up a
1334,WARNER,dialogue,muffin.                       '
1335,ELLE,dialogue,Who's first?
1336,ELLE,dialogue,She sits down next to Warner.
1337,SARAH,dialogue,Our group is full.
1338,ELLE,dialogue,"Oh, God, was this like an RSVP thing?"
1339,CLAIRE,dialogue,"No, it's like a smart people thing.     And"
1340,CLAIRE,dialogue,"like Sarah said, we're full."
1341,WARNER,dialogue,Come on ~ we can make room for one more.
1342,WARNER,dialogue,Sarah looks at Warner with evil eyes.
1343,SARAH,dialogue,"We've already assigned the outlines, and"
1344,SARAH,dialogue,"everyone has started theirs',"
1345,CLAIRE,stage_direction,(to Warner)
1346,CLAIRE,dialogue,"Besides, you wouldn't let the fat guy"
1347,CLAIRE,dialogue,_    join.
1348,WARNER,dialogue,He tried to watch me take'a shower!
1349,WARNER,dialogue,Sarah looks at Elle.
1350,SARAH,dialogue,The answer is no.
1351,SARAH,dialogue,"Warner looks at her, feeling guilty. He shrugs an ""I'm"
1352,SARAH,dialogue,"sorry"", but Elle's perkiness has gone."
1355,(CONTINUED),dialogue,"She gathers up her muffins and stands, clutching the basket"
1356,(CONTINUED),dialogue,to her chest as she goes.
1357,ELLE,dialogue,Then I guess I'll leave you alone.
1358,ELLE,dialogue,"She walks away, completely deflated, passing by the RAGING"
1359,ELLE,dialogue,FEMINIST STUDY GROUP. Enid calls out.
1360,ENID,dialogue,Maybe there's a sorority you could join
1361,ENID,dialogue,instead.
1362,ENID,dialogue,Elle stops and looks at her.
1363,ELLE,stage_direction,(to Enid)
1364,ELLE,dialogue,"You know, if you'd come to a Rush party,"
1365,ELLE,dialogue,I would've at least been nice to you.
1366,ENID,dialogue,Before you voted against me and called me
1367,ENID,dialogue,a dyke behind my back?
1368,ELLE,dialogue,I don't use that word. Only mean people
1369,ELLE,dialogue,use that word. You must've heard it from
1370,ELLE,dialogue,Sarah.                     .
1371,ELLE,dialogue,"She looks back at Warner's table and walks off. As she does.,"
1372,ELLE,dialogue,she's nearly mowed down by a gaggle of NERDS led by DORKY
1373,ELLE,dialogue,"DAVID, who knock the muffins out of her hands. She stands"
1374,ELLE,dialogue,"there, even more depressed."
1375,ELLE,dialogue,51   INT. ELLE'S DORM ROOM - DAY - LATER                              51
1376,ELLE,dialogue,"Elle sinks down onto her bed, deflated.    She picks up the"
1377,ELLE,dialogue,phone and dials.
1378,ELLE,dialogue,52   INT. BRIDAL SHOP - DAY                                           52
1379,ELLE,dialogue,"Serena, with a new hairdo, and Margot are surrounded by"
1380,ELLE,dialogue,wedding dresses. Margot talks on her cell phone. We
1381,MARGOT,stage_direction,(to Serena)
1382,MARGOT,dialogue,It's Elle!
1383,MARGOT,stage_direction,(into phone)
1384,MARGOT,dialogue,Guess what I ' m doing right this second?
1385,ELLE,dialogue,Power yoga?
1388,MARGOT,dialogue,Picking out my wedding dress!
1389,ELLE,dialogue,What?!
1390,MARGOT,dialogue,Josh proposed!
1391,ELLE,stage_direction,(startled)
1392,ELLE,dialogue,N o way --
1393,ELLE,dialogue,Serena grabs the phone.
1394,SERENA,stage_direction,(into phone)
1395,SERENA,dialogue,;;po you have The Rock yet?
1396,SERENA,dialogue,Elle lies.
1397,ELLE,dialogue,Almost.
1398,SERENA,dialogue,"Well, hurry up so you can come home!   We"
1399,SERENA,dialogue,miss you!
1400,ELLE,dialogue,I miss you guys! The people here are so
1401,ELLE,dialogue,vile! Hardly anyone even talks to me
1402,ELLE,dialogue,unless it's to say something that's not
1403,ELLE,dialogue,nice. Law school sucks!
1404,SERENA,dialogue,"Oh, my God!   I completely forgot to tell"
1405,SERENA,dialogue,you!
1406,ELLE,dialogue,What?
1407,SERENA,dialogue,I got bangs!
1408,ELLE,stage_direction,(hurt and annoyed)
1409,ELLE,dialogue,Re a ll y --
1410,ELLE,dialogue,Margot grabs the phone back.
1413,MARGOT                              :,stage_direction,(into phone)
1414,MARGOT                              :,dialogue,Keep June first open -- you're one of my
1415,MARGOT                              :,dialogue,bridesmaids. And give Warner our love.
1416,ELLE,dialogue,Iwl.
1417,ELLE,dialogue,il.   .    .
1418,ELLE,dialogue,Margot hangs up and Elle follows suit.      Even more deflated.
1419,ELLE,dialogue,53   INT. ELLE'S DORM - HALLWAY - DAY - SAME TIME                        53
1420,ELLE,dialogue,"Sarah and Claire walk past Elle's room, the door of which is"
1421,ELLE,dialogue,ajar.
1422,SARAH,dialogue,It's not just any Halloween party. It's a
1423,SARAH,dialogue,"""Come as Your Favorite Defendant"" party."
1424,CLAIRE,dialogue,That-'s genius.
1425,CLAIRE,dialogue,Elle pops her head out of the room.
1426,ELLE,stage_direction,(excited)
1427,ELLE,dialogue,No way! Someone at this school is
1428,ELLE,dialogue,actually having a party?
1429,ELLE,dialogue,Sarah and Claire turn around.      Elle's face falls when she
1430,ELLE,dialogue,sees that it's them.
1431,SARAH,dialogue,No.
1432,CLAIRE,dialogue,You must've heard us wrong.
1433,SARAH,dialogue,Sorry. Looks like you'll be staying home
1434,SARAH,dialogue,ton ig ht. Alone.
1435,SARAH,dialogue,"They continue on as Elle goes back into her room, snubbed."
1436,SARAH,dialogue,54   INT. ELLE'S DORM ROOM - CONTINUOUS                                  54
1437,SARAH,dialogue,Elle shuts the door behind her and looks at Underdog.
1438,ELLE,dialogue,I can't believe this. Not only do I not
1439,ELLE,dialogue,"have Warner, but I ' m --unpopular!"
1440,ELLE,dialogue,The realization hits her hard. Underdog barks.       She looks at him.
1444,ELLE,stage_direction,(continuing)
1445,ELLE,dialogue,But I wasn't invited.
1446,ELLE,dialogue,He barks again.
1447,ELLE,stage_direction,(continuing)
1448,ELLE,dialogue,You really think I should?
1449,ELLE,dialogue,55   EXT. OFF-CAMPUS HOUSE - PORCH - NIGHT                           55
1450,ELLE,dialogue,Two feet in high heels and fishnet hose stride purposefully
1451,ELLE,dialogue,up the sidewalk.                                    .
1452,ELLE,dialogue,A perfect butt wearing a bunny tail wiggles up the steps.
1453,ELLE,dialogue,56   INT. OFF-CAMPUS HOUSE - NIGHT                                   56
1454,ELLE,dialogue,A party filled with people who are no fun to party with.
1455,ELLE,dialogue,NAMETAGS denote which famous defendant everyone is dressed as.
1456,ELLE,dialogue,"Menenedez's, Tonya Harding's, and Buttafuco's pepper the room."
1457,ELLE,dialogue,"Elle, decked out in a Playboy Bunny costume -- looking sexy"
1458,ELLE,dialogue,as hell -- strides in. People roll their eyes and ignore
1459,ELLE,dialogue,her. Elle continues on.
1460,ELLE,dialogue,"NEARBY -- Enid, dressed as Lizzie Borden, axe in hand/ is in"
1461,ELLE,dialogue,the midst of a tirade against some guy dressed like William
1462,ELLE,dialogue,Kennedy Smith.
1463,ENID,dialogue,The English language is all about subliminal
1464,ENID,dialogue,"domination. Take the word ""semester"". It's a"
1465,ENID,dialogue,perfect example of this school's
1466,ENID,dialogue,discriminatory preference of semen to
1467,ENID,dialogue,ovaries. That's why I ' m petitioning to have
1468,ENID,dialogue,next term be referred to as Winter Ovester.
1469,ENID,dialogue,"The guy backs up in fright. As Elle passes, Enid looks over."
1470,ENID,stage_direction,(continuing)
1471,ENID,dialogue,"Hey , Elle-- I've been meaning to ask you"
1472,ENID,stage_direction,(re her boobs)
1473,ENID,dialogue,are those real?
1474,ENID,dialogue,Elle snorts.
1475,ELLE,dialogue,"Enid, please -- silicone is so 90's."
1478,(CONTINUED),dialogue,She keeps walking.
1479,(CONTINUED),dialogue,57   INT. INTO THE LIVING ROOM - AT THE BAR -CONTINUOUS                 57
1480,(CONTINUED),dialogue,Sa rah -- dressed as Hester Prynne -- and Claire --as Joan of
1481,(CONTINUED),dialogue,Arc -- sip wine.
1482,ELLE,stage_direction,(continuing; sarcastic)
1483,ELLE,dialogue,"Thanks for inviting me, girls. This party"
1484,ELLE,dialogue,is super fun.
1485,ELLE,dialogue,"They roll their eyes, checking out her Bunny costume."
1486,SARAH,dialogue,You're supposed to be dressed as a famous
1487,SARAH,dialogue,defendant.
1488,SARAH,dialogue,Elle smiles at Sarah.
1489,ELLE,dialogue,I am. Didn't you hear about the Playboy
1490,ELLE,dialogue,Bunny who slit her ex- boyfriend's new
1491,ELLE,dialogue,fiancee's throat with a broken wine
1492,ELLE,dialogue,glass? It was tragic.
1493,ELLE,dialogue,She grabs a glass of wine and moves on.
1494,ELLE,dialogue,58   EXT. OFF-CAMPUS HOUSE - BACK PORCH - NIGHT                         58
1495,ELLE,dialogue,Elle walks onto the back porch and finds Warner --dressed as
1496,ELLE,dialogue,"O.J. in a USC football uniform, number 32, with a ball and"
1497,ELLE,dialogue,chain on his foot.
1498,ELLE,dialogue,"Hey, O.J."
1499,ELLE,dialogue,"Warner turns. He looks around for Sarah.      Not seeing her, he"
1500,ELLE,dialogue,"smiles at Elle, admiring her costume."
1501,WARNER,dialogue,Wow.    You're a walking felony.
1502,ELLE,dialogue,Thank you.     Having fun?
1503,WARNER,stage_direction,( c h e c k i n g her out)
1504,WARNER,dialogue,Now I am.
1507,ELLE,stage_direction,(flirty)
1508,ELLE,dialogue,I feel like we've barely spent any time
1509,ELLE,dialogue,together since we got here.
1510,WARNER,dialogue,That's because I spend all my time with
1511,WARNER,dialogue,case studies and hypos.
1512,ELLE,dialogue,Tell me about it. I can't imagine doing
1513,ELLE,dialogue,all this and Donovan's internship next
1514,ELLE,dialogue,year.
1515,WARNER,stage_direction,(scoffing)
1516,WARNER,dialogue,"Elle, c'mon, there's no way you'll get"
1517,WARNER,dialogue,the grades to qualify for one of those
1518,WARNER,dialogue,spots . You're not smart enough.
1519,WARNER,dialogue,She can't believe he's saying this.   He realizes he's gone
1520,WARNER,dialogue,"too far, and back-pedals."
1521,WARNER,stage_direction,(continuing)
1522,WARNER,dialogue,I didn't mean --
1523,ELLE,stage_direction,(cutting him off)
1524,ELLE,dialogue,"Am I on glue, or did I not get into the"
1525,ELLE,dialogue,"same law school you did, Warner?"
1526,WARNER,stage_direction,(covering)
1527,WARNER,dialogue,"We ll , yeah, but --"
1528,ELLE,dialogue,"But what? We took the same LSAT, we take"
1529,ELLE,dialogue,th e same classes --
1530,WARNER,dialogue,I just don't want to see you get your
1531,WARNER,dialogue,hopes up. You know how you get.
1532,WARNER,dialogue,She stares at him.   Realizing the awful truth.
1533,ELLE,dialogue,"I'11 never be good enough for you, will"
1534,I?,dialogue,"When he doesn't answer, she walks back into the house."
1536,I?,dialogue,59   INT. OFF-CAMPUS HOUSE - KITCHEN - NIGHT -SAME TIME                  59
1537,I?,dialogue,One of them holds a salad
1538,I?,dialogue,A group of tipsy ILs stand around.
1539,I?,dialogue,bowl filled with cash.
1540,ENID,dialogue,I give her two more weeks.
1541,ENID,dialogue,She throws a twenty into the bowl.      '     .   .
1542,DORKY DAVID,dialogue,Two and a half?
1543,DORKY DAVID,dialogue,He throws in his twenty as well.
1544,SARAH,dialogue,"If she spreads her legs, maybe --"
1545,ARROGANT AARON,stage_direction,(adjusting his crotch)
1546,ARROGANT AARON,dialogue,Only if I ' m feeling generous.
1547,ELLE (O.S.),dialogue,What is this?
1548,ELLE (O.S.),dialogue,They turn around to find Elle standing there.
1549,CLAIRE,dialogue,We're betting on how much longer you're
1550,CLAIRE,dialogue,going to last.
1551,ELLE,stage_direction,(stung)
1552,ELLE,dialogue,What?
1553,SARAH,dialogue,"Look around, Elle.      Do you actually think"
1554,SARAH,dialogue,you belong here?
1555,SARAH,dialogue,They all stare at her.
1556,ELLE,stage_direction,(hurt)
1557,ELLE,dialogue,Why wouldn't I?
1558,ENID,dialogue,Because the rest of us provide some
1559,ENID,dialogue,worthwhile value to society?
1560,ARROGANT AARON,dialogue,"Hold on, now -- every society needs a"
1561,ARROGANT AARON,dialogue,bimbo. Who are we supposed to sleep with
1562,ARROGANT AARON,dialogue,after we get rich?
1565,(CONTINUED),dialogue,Elle looks like she's been slapped. The others laugh at
1566,(CONTINUED),dialogue,Aaron's esteemed wit.
1567,ELLE,dialogue,You know what? All of you can just kiss
1568,ELLE,dialogue,my ass.
1569,ELLE,dialogue,She yanks off her Bunny tail and throws it at them. Hurt and
1570,ELLE,dialogue,anger in her eyes. Then walks out of the room.
1571,'                          ELLE,stage_direction,(continuing; to herself)
1572,'                          ELLE,dialogue,You're about to see just how valuable
1573,'                          ELLE,dialogue,Elle Woods can be.
1574,'                          ELLE,dialogue,She stomps out of the house.
1575,'                          ELLE,dialogue,A GIRL-POWER SONG STARTS TO PLAY AS A MONTAGE BEGINS:
1576,'                          ELLE,dialogue,60   INT. HARVARD BOOKSTORE - NIGHT                                    60
1577,'                          ELLE,dialogue,A hot pink laptop is yanked off the shelf.
1578,CUT TO:,dialogue,"Elle, still in her Bunny suit, minus the tail, stands in"
1579,CUT TO:,dialogue,"line, paying for the laptop. People gape at her, but she's"
1580,CUT TO:,dialogue,oblivious in her resolve.
1581,CUT TO:,dialogue,"EMMETT walks up behind her in line.   He clears his throat,"
1582,CUT TO:,dialogue,trying not to look at her costume.
1583,CUT TO:,dialogue,"Elle turns, seeing him."
1584,ELLE,dialogue,Don't ask.
1585,EMMETT,dialogue,Wasn't gonna.                                -
1586,EMMETT,dialogue,She marches off.   Laptop in hand.
1587,EMMETT,dialogue,61   INT. ELLE'S DORM ROOM - NIGHT                                     61
1588,EMMETT,dialogue,"A pony-tailed Elle types a brief, coffee next to her."
1589,EMMETT,dialogue,"Underdog sleeps nearby, belly-up. Legs twitching in a"
1590,EMMETT,dialogue,"nightmare. Typing furiously, Elle breaks a nail, then"
1591,EMMETT,dialogue,"struggles to forge on, despite her instinct to stop and"
1592,EMMETT,dialogue,repair it.
1594,EMMETT,dialogue,62   INT. LAW LIBRARY - DAY                                           62
1595,EMMETT,dialogue,Elle -- arms full of books -- walks past the Warner/Sarah
1596,EMMETT,dialogue,"study group. Sarah and Claire scowl at her, but Elle passes"
1597,EMMETT,dialogue,with her head held high.
1598,EMMETT,dialogue,63   INT. STUDY LOUNGE - DAY                                          63
1599,EMMETT,dialogue,Enid is surrounded by study materials and notecards. When
1600,EMMETT,dialogue,"she gets up to use the ladies' room, Elle casually walks over"
1601,EMMETT,dialogue,and slips a notecard into the middle of Enid's stack. Then
1602,EMMETT,dialogue,quickly walks on. '
1603,EMMETT,dialogue,64   INT. BEAUTY OASIS - DAY                                          64
1604,EMMETT,dialogue,Pau lett e quizzes Elle from a law textbook as her nails dry.
1605,EMMETT,dialogue,"As she waits for Elle's answer, Paulette showers Underdog"
1606,EMMETT,dialogue,"with kisses, showing him pictures of Rufus."
1607,EMMETT,dialogue,65   INT.   CRIMINAL LAW CLASS - DAY                        ..        65
1608,EMMETT,dialogue,Donovan is in the midst of a lecture.     He points at Elle.
1609,PROFESSOR DONOVAN,dialogue,"And the purpose of ""diminished capacity"""
1610,PROFESSOR DONOVAN,dialogue,is?
1611,PROFESSOR DONOVAN,dialogue,"She swallows nervously, then speaks."
1612,ELLE,dialogue,To negate mens rea?
1613,ELLE,dialogue,Donovan nods affirmatively and continues.      Elle hides a
1614,ELLE,dialogue,smile.
1615,ELLE,dialogue,66   INT. LAW LIBRARY - NIGHT                                         66
1616,ELLE,dialogue,"Elle reaches for a book on a high shelf, but she's not tall"
1617,ELLE,dialogue,enough. She tries a running start and leaps for it. Still
1618,ELLE,dialogue,missing it.
1619,ELLE,dialogue,"FROM THE LEFT, she runs and leaps again, missing again."
1620,ELLE,dialogue,"FROM THE RIGHT, she runs and leaps again, missing again."
1621,ELLE,dialogue,Dorky David walks up and sets down a step-stool at her: feet.
1622,ELLE,dialogue,"Now winded, she smiles her thanks, stepping up to retrieve"
1623,ELLE,dialogue,her book.
1625,ELLE,dialogue,67   INT. STUDY LOUNGE - DAY                                        67
1626,ELLE,dialogue,"Enid flips through her notecards, memorizing, when she comes"
1627,ELLE,dialogue,"upon a picture of a NAKED MAN. Oh, the horror. She throws it"
1628,ELLE,dialogue,down in disgust as if her eyes have been burned.
1629,ELLE,dialogue,"Looking around, Enid sees Elle smiling and waving at her from"
1630,ELLE,dialogue,across the room.
1631,ELLE,dialogue,68   INT. LAW LIBRARY - DAY                                         68
1632,ELLE,dialogue,"Elle walks past Arrogant Aaron, as he sleeps at his study"
1633,ELLE,dialogue,"cubicle, head back on the chair."
1634,ELLE,dialogue,"She stops, backs up, and waves her hand over his face. When"
1635,ELLE,dialogue,"he doesn't stir, she takes a magic marker out of her knapsack"
1636,ELLE,dialogue,and leans over to write something on his forehead.
1637,NARRATOR,scene_heading,INT. ELLE1S DORM ROOM - DAY
1639,NARRATOR,scene_description,Elle works out on her Elliptical Crosstrainer as she listens
1640,NARRATOR,scene_description,to a lecture tape and watches Court TV on mute.
1641,LECTURER (V.O.),dialogue,"""A failure to act can constitute the actus reus for"
1642,LECTURER (V.O.),dialogue,accomplice liability if the defendant has the legal duty to
1643,LECTURER (V.O.),dialogue,"intervene, but fails to do so."""
1644,LECTURER (V.O.),dialogue,70   INT. LAW LIBRARY - DAY                                         70>
1645,LECTURER (V.O.),dialogue,"Arrogant Aaron wakes up with a start, checks his watch, and"
1646,LECTURER (V.O.),dialogue,"rushes off to class. Oblivious to his facial graffiti, which"
1647,LECTURER (V.O.),dialogue,we can't yet read.
1648,LECTURER (V.O.),dialogue,71   INT. CIVIL PROCEDURES CLASS - DAY                              71
1649,LECTURER (V.O.),dialogue,Professor Stromwell is in front of the class.
1650,PROFESSOR STROMWELL,dialogue,So you've filed a claim. Now what?
1651,PROFESSOR STROMWELL,dialogue,"She looks over to see Elle sitting there, typing on her"
1652,PROFESSOR STROMWELL,dialogue,laptop.
1653,PROFESSOR STROMWELL,stage_direction,(continuing)
1654,PROFESSOR STROMWELL,dialogue,Ms. Woods?
1655,ELLE,dialogue,Don't you also need to have evidence?
1658,PROFESSOR STROMWELL,dialogue,Meaning?
1659,PROFESSOR STROMWELL,dialogue,Everyone now stares at Elle.
1660,'ELLE,dialogue,Meaning you need -- reasonable belief
1661,'ELLE,dialogue,"that your claim would have, like,"
1662,'ELLE,dialogue,evidentiary support?
1663,'ELLE,dialogue,"Stromwell is somewhat impressed, but doesn't show it."
1664,PROFESSOR STROMWELL,dialogue,And what kind of evidentiary support does
1665,PROFESSOR STROMWELL,dialogue,this case require? Let's ask Mr.
1666,PROFESSOR STROMWELL,dialogue,"Harriman, who clearly believes that I"
1667,PROFESSOR STROMWELL,dialogue,might be hungry.
1668,PROFESSOR STROMWELL,dialogue,She looks up at Arrogant Aaron in the back row. Who
1669,PROFESSOR STROMWELL,dialogue,"unknowingly has ""Eat Me"" written on his forehead. He looks"
1670,PROFESSOR STROMWELL,dialogue,"back at her, confused, as the students around him snicker."
1671,PROFESSOR STROMWELL,dialogue,72   EXT. BEAUTY OASIS - NIGHT                                       72
1672,PROFESSOR STROMWELL,dialogue,"A ""Closed"" sign is on the door."
1673,PROFESSOR STROMWELL,dialogue,"THROUGH THE WINDOW, we see Elle and Paulette sitting in the"
1674,PROFESSOR STROMWELL,dialogue,"empty salon, laughing and clinking cans of Pabst Blue Ribbon"
1675,PROFESSOR STROMWELL,dialogue,"as they toast Elle's small victory. We PULL BACK, leaving"
1676,PROFESSOR STROMWELL,dialogue,"them laughing, as the MONTAGE ENDS."
1677,PROFESSOR STROMWELL,dialogue,73   INT. CRIMINAL LAW CLASS - DAY                                   73
1678,PROFESSOR STROMWELL,dialogue,"""THE STATE V. LATIMER"" is written on the board. A pony-"
1679,PROFESSOR STROMWELL,dialogue,"tailed, less made-up Elle takes notes on her lap-top, as"
1680,PROFESSOR STROMWELL,dialogue,Warner makes an argument.
1681,WARNER,dialogue,". According to Swinney v. Neubert, Swinney,"
1682,WARNER,dialogue,"who was also a private sperm donor, was"
1683,WARNER,dialogue,allowed visitation rights as long as he
1684,WARNER,dialogue,came to terms with the hours set forth by
1685,WARNER,dialogue,"the parents. So, if we're sticking to"
1686,WARNER,dialogue,"past precedent, Mr. Latimer wasn't"
1687,WARNER,dialogue,st al ki ng -- he was clearly within his
1688,WARNER,dialogue,rights to ask for visitation.
1689,PROFESSOR DONQVAN,dialogue,"But Swinney was a one-time sperm donor,"
1690,PROFESSOR DONQVAN,dialogue,"and in our case, the defendant was a"
1691,PROFESSOR DONQVAN,dialogue,"habitual sperm donor, who also happens to"
1692,PROFESSOR DONQVAN,dialogue,be harassing the parents in his quest for
1693,PROFESSOR DONQVAN,dialogue,visitation.
1696,WARNER,dialogue,"But , without this man's sperm --the"
1697,WARNER,dialogue,child in question would not exist.
1698,WARNER,dialogue,He grins and looks around as the class murmurs their
1699,WARNER,dialogue,agreement.
1700,PROFESSOR DONOVAN,dialogue,Now you're thinking like a lawyer.
1701,PROFESSOR DONOVAN,dialogue,"EMMETT enters from the back, holding a file.        He stands there"
1702,PROFESSOR DONOVAN,dialogue,"quietly, watching."
1703,PROFESSOR DONOVAN,dialogue,Elle tentatively raises her hand.
1704,PROFESSOR DONOVAN,dialogue,Ms. Woods?
1705,PROFESSOR DONOVAN,dialogue,Sarah looks at Claire.
1706,SARAH,stage_direction,(sotto)
1707,SARAH,dialogue,The idiot speaks.
1708,ELLE,dialogue,Although Mr. Huntington makes an
1709,ELLE,dialogue,"excellent point, I have to wonder if the"
1710,ELLE,dialogue,defendant kept a thorough record of each
1711,ELLE,dialogue,sperm emission made throughout his life?
1712,ELLE,dialogue,The class titters.    Elle grows annoyed.
1713,PROFESSOR DONOVAN,stage_direction,(bemused)
1714,PROFESSOR DONOVAN,dialogue,Why do you ask?
1715,PROFESSOR DONOVAN,dialogue,Elle's hesitancy is replaced by conviction.
1716,ELLE,dialogue,"Well, unless the defendant attempted to"
1717,ELLE,dialogue,contact every single one-night- stand to
1718,ELLE,dialogue,determine if a child resulted in those
1719,ELLE,dialogue,unions -- then he has no parental claim
1720,ELLE,dialogue,whatsoever over this child. Why this
1721,ELLE,dialogue,s p e rm ? Why now?      '
1722,ELLE,dialogue,Emmett's mouth twitches into a smile.
1725,ELLE,stage_direction,(continuing)
1726,ELLE,dialogue,"For that matter, all masturbatory"
1727,ELLE,dialogue,emissions where his sperm was clearly not
1728,ELLE,dialogue,seeking an egg could be termed reckless
1729,ELLE,dialogue,abandonment.
1730,ELLE,dialogue,Warner's mouth hangs open. As does Sarah's and the rest of
1731,ELLE,dialogue,the class. Donovan smiles.
1732,PROFESSOR DONOVAN,dialogue,I believe you've just won your case.
1733,PROFESSOR DONOVAN,dialogue,Elle grins.           :
1734,PROFESSOR DONOVAN,dialogue,74   INT. DONOVAN'S CLASS - LATER                                           74
1735,PROFESSOR DONOVAN,dialogue,"As the students file out, Elle passes Donovan."
1736,PROFESSOR DONOVAN,dialogue,You did well today.
1737,PROFESSOR DONOVAN,dialogue,She stops.
1738,ELLE,dialogue,I did?
1739,PROFESSOR DONOVAN,dialogue,"You're applying for my internship, aren't"
1740,PROFESSOR DONOVAN,dialogue,you?
1741,ELLE,dialogue,I don ' t know --
1742,PROFESSOR DONOVAN,dialogue,You should. Do you have a resume?
1743,ELLE,stage_direction,(excited)
1744,ELLE,dialogue,"""   '.' .    . . . i do. ' ' ,           .''.       ' . .   ; . ."
1745,ELLE,dialogue,She pulls a resume out of her briefcase and hands it to him..
1746,ELLE,dialogue,He looks at it.
1747,PROFESSOR DONOVAN,dialogue,It's pink.
1748,ELLE,dialogue,And engraved... Gives it that extra
1749,ELLE,dialogue,"little something, doesn't it? ."
1750,ELLE,stage_direction,(smiling)
1751,ELLE,dialogue,See you tomorrow!
1754,(CONTINUED),dialogue,"She walks on.     Emmett walks up, handing the file to Donovan."
1755,EMMETT,dialogue,I brought you the Windham notes.
1756,PROFESSOR DONOVAN,stage_direction,(watching Elle go)
1757,PROFESSOR DONOVAN,dialogue,You think she just woke up one morning
1758,PROFESSOR DONOVAN,dialogue,"and said, ""I think I'll go to law school"
1759,PROFESSOR DONOVAN,dialogue,"today!""?"
1760,PROFESSOR DONOVAN,dialogue,"Ei timett looks after Elle,    bemused."
1761,EMMETT,dialogue,Aside from that lapse in judgement --
1762,EMMETT,dialogue,she's got potential.
1763,EMMETT,dialogue,75   INT. ELLE'S CAR-DAY                                               75
1764,EMMETT,dialogue,Elle drives. Paulette is shotgun.
1765,PAULETTE,dialogue,You showed up Warner in class? You're
1766,PAULETTE,dialogue,supposed to be showing up Sarah.
1767,ELLE,dialogue,I couldn't help it! It was the most fun
1768,ELLE,dialogue,I've had since I've been in law school.
1769,ELLE,dialogue,Not only was I good enough for Warner --
1770,ELLE,dialogue,I was better than him. He has to see
1771,ELLE,dialogue,serious I am now. Even Donovan was
1772,ELLE,dialogue,"impressed, and he's a total hard- ass."
1773,ELLE,dialogue,Elle stops the car and turns off the ignition.
1774,ELLE,dialogue,You ready?
1776,PAULETTE,dialogue,No.                                                          '
1777,ELLE,dialogue,"Yes, you are.       Go -- you can do this.                  ."
1778,ELLE,dialogue,She points ahead of them.        Paulette goes.
1779,ELLE,dialogue,76   EXT. DEWEY'S TRAILER    - DAY               .                     76
1780,ELLE,dialogue,The door opens. DEWEY(40s) and his beer gut emerge.
1781,ELLE,dialogue,"Paulette is on the porch. Trying to exude confidence, but"
1782,ELLE,dialogue,failing.
1783,(CONTINUED),dialogue,9/172000 Revision (Blue)                                58.
1785,DEWEY,stage_direction,(to Paulette)
1786,DEWEY,dialogue,What the hell do yon want? We're eating
1787,DEWEY,dialogue,dinner.
1788,PAULETTE,dialogue,I just --
1789,DEWEY,dialogue,You just thought you'd come over and show
1790,DEWEY,dialogue,me what I 'm definitely not missing?
1791,DEWEY,dialogue,77   INT. ELLE'S CAR - DAY -SAME TIME                                77
1792,DEWEY,dialogue,"She watches, frowning."
1793,DEWEY,dialogue,78   EXT. DEWEY 'S TRAILER - DAY -CONTINUOUS                       78         '
1794,DEWEY,dialogue,Dewey's really having fun now.
1796,;                     DEWEY,dialogue,What the hell happened to you? You get a
1797,;                     DEWEY,dialogue,job at a donut shop?
1798,PAULETTE,dialogue,That's not what --
1799,DEWEY,dialogue,"How many times you gonna show up here,"
1800,DEWEY,dialogue,beggin1 me to take you back?        '
1801,DEWEY,dialogue,Paulette reddens -- flustered and humiliated.    Elle appears
1802,DEWEY,dialogue,next to her.
1803,ELLE,dialogue,Dewey Newcomb?
1804,DEWEY,dialogue,Who's askin'
1805,ELLE,dialogue,. I ' m Elle Woods. Ms. Bonaf ante's                           .
1806,ELLE,dialogue,attorney.
1807,ELLE,dialogue,"Paulette looks at Elle in surprise, Elle keeps going."
1808,ELLE,dialogue,"Under state law, you and Ms. Bonaf ante"
1809,ELLE,dialogue,had a common law marriage which entitles
1810,ELLE,dialogue,her to the benefits of property law and
1811,ELLE,dialogue,an equitable division of assets.
1814,(CONTINUED),dialogue,"Paulette watches Elle, mouth hanging open."
1815,DEWEY,stage_direction,(confused)
1816,DEWEY,dialogue,Come again?
1817,ELLE,dialogue,Due to the fact that you retained the
1818,ELLE,dialogue,"residence, Ms. Bonafante is entitled to"
1819,ELLE,dialogue,full ownership of the canine property in
1820,ELLE,dialogue,question and we will be enforcing said
1821,ELLE,dialogue,ownership immediately.
1822,DEWEY                       :,dialogue,Huh?
1823,ELLE,dialogue,"Tell him, Paulette."
1824,ELLE,dialogue,"A still-stunned Paulette looks at Elle, then turns to Dewey,"
1825,ELLE,dialogue,fire in her ass.                 '.
1826,ELLE,dialogue,""""
1828,PAULETTE,dialogue,I ' m taking the dog dumbass.
1829,PAULETTE,stage_direction,(calling into the trailer)
1830,PAULETTE,dialogue,"C'mere, baby, Mommy's here!"
1831,PAULETTE,dialogue,"Rufus bounds out, licking and kissing Paulette. The love"
1832,PAULETTE,dialogue,evident.
1833,PAULETTE,dialogue,79   INT./EXT. ELLE'S CAR - A MOMENT LATER                             79
1834,PAULETTE,dialogue,"Elle, Paulette and Rufus get in."
1835,ELLE,dialogue,W e did it!                                                 .
1836,ELLE,dialogue,Elle high-fives her.
1837,PAULETTE,dialogue,"God, that felt great!"
1838,ELLE,dialogue,Look at him. He's still scratching his
1839,ELLE,dialogue,head.
1840,PAULETTE                              .,dialogue,Which must be a nice vacation for his
1841,PAULETTE                              .,dialogue,bls . .
1842,PAULETTE                              .,dialogue,al.
1843,PAULETTE                              .,dialogue,"She turns to Rufus, hugging him."
1846,PAULETTE,dialogue,And now Mommy's got somebody to eat
1847,PAULETTE,dialogue,dinner with again. You don't care what
1848,PAULETTE,dialogue,"Mommy's butt looks like, do you?"
1849,PAULETTE,dialogue,"Elle looks over at Paulette, heart going out to her."
1850,PAULETTE,dialogue,80   INT. CIVIL PROCEDURES CLASS - DAY                                 80
1851,PAULETTE,dialogue,Elle turns on her Powerbook as Professor Stromwell faces the
1852,PAULETTE,dialogue,class with her morning quote.
1853,PROFESSOR STROMWELL,dialogue,"""An image and a good hook can get you"
1854,PROFESSOR STROMWELL,dialogue,into a room --  but something has to keep
1855,PROFESSOR STROMWELL,dialogue,"you in that room."""
1856,PROFESSOR STROMWELL,dialogue,She looks around as hands are raised.
1857,PROFESSOR STROMWELL,stage_direction,(continuing)
1858,PROFESSOR STROMWELL,dialogue,Mr. Greenstein?
1859,INTENSE IVAN,dialogue,Judge Sandra Day 0'Connor?
1860,PROFESSOR STROMWELL,dialogue,C ose.. . .
1861,PROFESSOR STROMWELL,dialogue,l
1862,PROFESSOR STROMWELL,dialogue,"Intense Ivan's face falls.      She looks around, seeing Elle"
1863,PROFESSOR STROMWELL,dialogue,raising her hand.
1864,PROFESSOR STROMWELL,dialogue,(continuing)                  -
1865,PROFESSOR STROMWELL,dialogue,Ms. Woods?
1866,ELLE,dialogue,Madonna?
1867,ELLE,dialogue,"The class rolls their eyes and laughs, watching Stromwell."
1868,PROFESSOR STROMWELL,dialogue,Damn.    Thought I ' d get everyone on that
1869,PROFESSOR STROMWELL,dialogue,one.
1870,PROFESSOR STROMWELL,dialogue,The class can't believe Elle is right.
1871,PROFESSOR STROMWELL,dialogue,81   EXT. CRIMINAL LAW CLASS - HALLWAY - DAY                           81
1872,PROFESSOR STROMWELL,dialogue,A THRONG of buzzing students is gathered around the bulletin
1873,PROFESSOR STROMWELL,dialogue,board. Elle walks up.
1876,ELLE,dialogue,What's going on?
1877,DORKY DAVID,dialogue,Donovan's firm is defending a major
1878,DORKY DAVID,dialogue,murder case and his caseload is so heavy
1879,DORKY DAVID,dialogue,he's taking on first year interns.
1880,ELLE,dialogue,He chose them already?
1881,ELLE,dialogue,"Sarah, at the front of the throng, gasps, then turns to"
1882,ELLE,dialogue,Warner.
1883,SARAH,dialogue,We got it!
1884,SARAH,dialogue,"He grins and she kisses him on the cheek. Elle, shoved to"
1885,SARAH,dialogue,"the back, tries to get closer, when she hears --"
1886,ENID,dialogue,The competition must not have been that
1887,ENID,dialogue,'        stiff.
1888,ENID,dialogue,Arrogant Aaron pushes his way to the board.                         .
1889,ARROGANT AARON,dialogue,Why? ion .got a spot?
1890,ENID,dialogue,"Hey! Watch your hands, Mr.Grabass."
1891,ARROGANT AARON                                      ',stage_direction,(ignoring her)
1892,ARROGANT AARON                                      ',dialogue,That only leaves one for --
1893,ARROGANT AARON                                      ',dialogue,"Elle, now next to him, gets a look at the board."
1894,ELLE,stage_direction,(shocked)
1895,ELLE,dialogue,Me?!
1896,ELLE,dialogue,Everyone REACTS. She turns and faces the throng.     They stare
1897,ELLE,dialogue,back at her in shock.
1898,ELLE,dialogue,"Dignified, she walks through them as they PART for her,"
1899,ELLE,dialogue,stopping in front of Warner and Sarah.
1900,EL LE,stage_direction,(continuing; to Warner)
1901,EL LE,dialogue,Remember the time after Winter Formal?
1902,EL LE,dialogue,When we spent four incredible hours In
1903,EL LE,dialogue,the hot tub...?
1906,(CONTINUED),dialogue,Sarah looks away.                      .
1907,ELLE,dialogue,This is way better than that.
1908,ELLE,stage_direction,(pushing Sarah aside)
1909,ELLE,dialogue,Excuse me. I have some shopping       to do.
1910,ELLE,dialogue,"As she goes, surprised CHATTER overtakes the hallway."
1911,ELLE,dialogue,82   INT. SAK'S - WOMENS' DEPT. - DAY                                   82
1912,ELLE,dialogue,Elle scans the racks of conservative clothes. She holds up a
1913,ELLE,dialogue,"cashmere twinset and wrinkles her nose, but throws it over"
1914,ELLE,dialogue,her arm anyway.
1915,ELLE,dialogue,83   INT. NORDSTROM'S - HANDBAGS - DAY - LATER                          83
1916,ELLE,dialogue,"Elle admires a trendy handbag, but then promptly sets it down"
1917,ELLE,dialogue,and picks up a practical leather briefcase.
1918,ELLE,dialogue,"84   INT. AUSTEN, PLATT, JARET & DONOVAN - LOBBY - DAY                  84"
1919,ELLE,dialogue,The elevator door opens and Warner and Elle emerge. Elle is
1920,ELLE,dialogue,"sporting her new, boring ""lawyer"" clothes. Warner is baffled"
1921,ELLE,dialogue,and impressed by her transformation.
1922,WARNER,dialogue,You look -- nice.
1923,ELLE,dialogue,Thank you.
1924,ELLE,dialogue,She gives him an aloof smile and walks off. Warner watches her
1925,ELLE,dialogue,go. Sarah stands in the lobby. None too happy to witness this.
1926,ELLE,dialogue,"85   INT. AUSTEN, PLATT, JARET & DONOVAN - DAY - MOMENTS LATER     85"
1927,ELLE,dialogue,"Donovan strides through the office, his four interns behind"
1928,ELLE,dialogue,him. He points as he walks.
1929,DONOVAN,dialogue,"There's your office, there's the"
1930,DONOVAN,dialogue,"bathroom, there's the coffee machine."
1931,DONOVAN,dialogue,"There's Gerard, Dick and1Bobby."
1932,DONOVAN,dialogue,"GERARD, smarmy and trim, DICK, short and bald, and BOBBY,"
1933,DONOVAN,dialogue,"black and bespectacled, wave as the interns pass by."
1934,DONOVAN,stage_direction,(continuing)
1935,DONOVAN,dialogue,They're the other associates on the case.
1936,DONOVAN,dialogue,"Ask them all your stupid questions, save"
1937,DONOVAN,dialogue,the smart ones for me.
1939,DONOVAN,dialogue,"86   INT. AUSTEN, JARET, PLATT AND DONOVAN - CONFERENCE ROOM     86"
1940,DONOVAN,dialogue,"Professor Donovan opens his briefcase as Elle, Sarah, Enid"
1941,DONOVAN,dialogue,and Warner hang on his every word.
1942,PROFESSOR DONOVAN,dialogue,"We're defending Brooke Windham, whose"
1943,PROFESSOR DONOVAN,dialogue,very wealthy husband was found shot to
1944,PROFESSOR DONOVAN,dialogue,death in their Beacon Hill mansion.
1945,SARAH,dialogue,Gold digger?
1946,PROFESSOR DONOVAN,dialogue,"You'd think so, since the stiff was"
1947,PROFESSOR DONOVAN,dialogue,"sixty, but she was rich on her own. Some"
1948,PROFESSOR DONOVAN,dialogue,kind of fitness empire. You can buy her
1949,PROFESSOR DONOVAN,dialogue,exercise tapes on infomercials.
1950,PROFESSOR DONOVAN,dialogue,Elle frowns.
1951,ELLE,dialogue,Wait a minute -- are we talking about
1952,ELLE,dialogue,Brooke Daniels?
1953,ELLE,dialogue,Donovan checks his papers.
1954,PROFESSOR DONOVAN,dialogue,M a i d e n name--Daniels.
1955,PROFESSOR DONOVAN,stage_direction,(looking up)
1956,PROFESSOR DONOVAN,dialogue,You know her?
1957,ELLE,dialogue,She was a Delta Gamma! Not in my pledge
1958,ELLE,dialogue,"class or anything -- she graduated ,five"
1959,ELLE,dialogue,years ahead of me. But I used to take her
1960,ELLE,dialogue,class at the LA Sports Club. She's
1961,ELLE,dialogue,amazing!
1962,ELLE,dialogue,The others looks at each other and roll their eyes.
1963,PROFESSOR DONOVAN,dialogue,Amazing how?
1964,ELLE,dialogue,She could make you drop three pounds in
1965,ELLE,dialogue,one class. She's completely gifted!
1966,PROFESSOR DONOVAN,dialogue,"Well, in all likelihood, she's completely"
1967,PROFESSOR DONOVAN,dialogue,guilty as well. She was seen standing
1968,PROFESSOR DONOVAN,dialogue,over her husband's dead body.
1972,WA RN ER,dialogue,B y who?
1973,SA RAH,stage_direction,(correcting him)
1974,SA RAH,dialogue,Whom?
1975,PROFESSOR DONOVAN,dialogue,His twenty-seven year old daughter and
1976,PROFESSOR DONOVAN,dialogue,the pool boy.
1977,ELLE,dialogue,Maybe she found him like that.
1978,ELLE,dialogue,P RO F ES S OR DONOVAN
1979,ELLE,dialogue,That's the story she'll be telling the
1980,ELLE,dialogue,jury. We just have to prove it.
1981,ELLE,dialogue,Emmett walks in and sits.
1982,EMMETT,dialogue,Sorry I ' m late.
1983,EMMETT,dialogue,"Elle looks at him, confused."
1984,EMMETT,dialogue,P R O FE S SO R DONOVAN
1985,EMMETT,dialogue,"This is Emmett Kerrigan, another associate."
1986,EMMETT,dialogue,Top three in his class and former editor of
1987,EMMETT,dialogue,H a r v a r d Law Review. You've probably seen
1988,EMMETT,dialogue,h i m lurking around campus doing my research.
1989,EM ME TT,dialogue,Or napping on the quad.          .
1990,EM ME TT,dialogue,Elle smiles at him.    He smiles back.   Almost shy.
1991,WARNER,stage_direction,(to Donovan)
1992,WARNER,dialogue,What about the murder weapon?
1993,WARNER,dialogue,P R O FE S SO R DONOVAN
1994,WARNER,dialogue,The gun is missing. The coroner said
1995,WARNER,dialogue,he'd been dead thirty minutes dead when
1996,WARNER,dialogue,the cops arrived -- giving Brooke plenty
1997,WARNER,dialogue,of time to stash it.
1998,ELLE,dialogue,There's no    way Brooke could've done this -
1999,ELLE,dialogue,"- exercise    gives you endorphins,"
2000,ELLE,dialogue,endorphins    make you happy -- happy people
2001,ELLE,dialogue,don't kill    their husbands!
2002,ELLE,dialogue,Sarah and Enid snort.
2005,PROFESSOR DONOVAN,dialogue,You don't really believe she's innocent?
2006,ELLE,dialogue,"Of course, I do!"
2007,ELLE,dialogue,Emmett looks at her.
2008,EMMETT,dialogue,Then we may actually have a case.
2009,EMMETT,dialogue,"He looks over at Donovan, who's not so sure."
2011,EMMETT,dialogue,87       EXT. BOSTON JAIL - DAY                                            87
2012,EMMETT,dialogue,Grey and imposing.
2013,EMMETT,dialogue,88       INT. BOSTON JAIL - DAY                                            88
2014,EMMETT,dialogue,"Donovan sits at a long table, next to BROOKE, a pretty 26-"
2015,EMMETT,dialogue,.year-old blonde with a perfect body and a sad face. The
2016,EMMETT,dialogue,interns and associates sit at the far end of the table taking
2017,EMMETT,dialogue,notes. A cop stands guard at the door.
2018,DONOVAN,dialogue,What alibi?
2020,BROOKE,dialogue,I can't tell you.
2021,'        DONOVAN,dialogue,You understand you're on trial for
2022,'        DONOVAN,dialogue,murder ?
2023,BROOKE,dialogue,"I didn't do it! I walked in, saw my"
2024,BROOKE,dialogue,"husband lying on the floor, bent down to"
2025,BROOKE,dialogue,"check his heart, screamed my head off and"
2026,BROOKE,dialogue,Chutney and Enrique ran inside.
2027,DONOVAN,dialogue,Where they saw you standing over the body
2028,DONOVAN,dialogue,covered in his blood.
2029,DONOVAN,dialogue,She glares at him.
2030,BROOKE,dialogue,Why would I kill my husband?
2031,DONOVAN,dialogue,Insurance? A love affair? Pure
2032,DONOVAN,dialogue,"unadulterated hatred? Believe me, the DA"
2033,DONOVAN,dialogue,will come up with plenty of reasons.
2035,B ROO KE,dialogue,I l ov ed h im !
2036,DO NO VA N,dialogue,He was thirty-four years older than you.
2037,DO NO VA N,dialogue,That doesn't sound so good to a jury.
2038,DO NO VA N,dialogue,Now she's pissed.
2039,BROOKE,dialogue,Then show them a picture of his cock.
2040,BROOKE,dialogue,They might put a few things together.
2041,BROOKE,dialogue,"Everyone stiffens except for Ell.e, who laughs out loud."
2042,"DONOVAN    ,   .",dialogue,"Brooke, I believe you. But a jury is"
2043,"DONOVAN    ,   .",dialogue,gonna want an alibi.
2044,BROOKE,dialogue,I can't give you that. And if you put me
2045,BROOKE,dialogue,"on the stand, I'll lie."
2046,BROOKE,dialogue,Donovan takes a moment to look at her like she's an idiot.
2047,DONOVAN,dialogue,Were you with another man?
2048,BROOKE,dialogue,Go to hell.
2049,DONOVAN,dialogue,I'll take that as a no.
2050,BROOKE,dialogue,Are we done for today?
2051,DONOVAN,dialogue,I believe we are.
2052,DONOVAN,dialogue,"He stands.    As do his minions.      As they file out, Brooke sees"
2053,DONOVAN,dialogue,Elle.
2054,BROOKE,dialogue,Hey -- I know you.
2055,BROOKE,dialogue,Elle perks up.
2056,ELLE,dialogue,I ' m a Delta Gamma and I ' m a huge fan of
2057,ELLE,dialogue,yours!
2060,BR OOKE,dialogue,You took my class in LA. You had the
2061,BR OOKE,dialogue,best high kick I've ever seen. Are you
2062,BR OOKE,dialogue,one of my lawyers?
2063,ELLE,dialogue,Sort of.
2064,ELLE,dialogue,Brooke looks at Elle as if she's her savior.
2065,BROOKE,dialogue,"Well, thank God one of you has a brain."
2066,BROOKE,dialogue,89   INT. BEAUTY OASIS - DAY                                          89
2067,BROOKE,dialogue,Rufus sleeps happily on the floor. Elle sits in front of        .     '
2068,BROOKE,dialogue,"Paulette, nails in the soapy water."
2069,ELLE,dialogue,"I feel so bad for her. I mean, she's in"
2070,ELLE,dialogue,jail! And she's innocent. But I ' m the
2071,ELLE,dialogue,only one who believes her. Donovan
2072,ELLE,dialogue,totally thinks she's guilty.
2073,.     PAULETTE,dialogue,"That's because men are big, fat retards"
2074,.     PAULETTE,dialogue,"who don't -- Oh, my God..."
2075,ON THE DOOR,dialogue,"The UPS GUY stands in the doorway with a package, sun"
2076,ON THE DOOR,dialogue,streaming in around him.
2077,UPS GUY,dialogue,"Afternoon, ladies."
2078,UPS GUY,dialogue,O N ELLE AND PAULETTE
2079,PAULETTE,dialogue,It's him!
2080,PAULETTE,dialogue,Paulette smooths down her hair.
2081,ELLE       ',dialogue,It's who?
2082,ELLE       ',dialogue,She turns to look as we go to --
2083,ELLE       ',dialogue,BUTT-CAM -- CLOSE ON the crisp brown shorts of a regulation
2084,ELLE       ',dialogue,"UPS uniform, as they stretch across the taut, muscular"
2085,ELLE       ',dialogue,"buttocks of UPS GUY, as he strides through the shop."
2088,(CO NTINUE D),dialogue,"When the butt stops moving, we WIDEN to reveal the UPS Guy"
2089,(CO NTINUE D),dialogue,now standing in front of Elle and Paulette.
2090,UPS GUY,dialogue,I've got a package.
2091,UPS GUY,dialogue,"Elle turns to Paulette, eyes wide."
2092,ELLE,stage_direction,(agreeing)
2093,ELLE,dialogue,He's got a package.
2094,ELLE,dialogue,Paulette is frozen.   Blushing and nervous.
2095,UPS GUY,dialogue,How ya doin' today?                                          .
2096,PAULETTE .,dialogue,Fine?
2097,PAULETTE .,dialogue,He waits for her to sign. She remains frozen.      Elle takes
2098,PAULETTE .,dialogue,"the pen and signs for her, trying to help.                                 ."
2099,PAULETTE .,dialogue,UPS Guy smiles kindly at Paulette and heads out.
2100,UPS GUY                                               .,dialogue,Take it easy.
2101,UPS GUY                                               .,dialogue,"Paulette watches him go, hand over her heart. Elle looks at"
2102,UPS GUY                                               .,dialogue,"her, concerned.                              ,"
2103,ELLE,dialogue,"So, this is the only interaction you two"
2104,ELLE,dialogue,have ever had?
2105,PAULETTE,dialogue,"No. Sometimes I say ""Okay"" instead of"
2106,PAULETTE,dialogue,"""Fine""."
2107,ELLE,dialogue,Have you ever considered asking him if
2108,ELLE,dialogue,he'd like a cold beverage? Or perhaps a
2109,ELLE,dialogue,neck massage?
2111,PAULETTE,dialogue,What's the point?
2112,PAULETTE,stage_direction,(matter of factly)
2113,PAULETTE,dialogue,Look at me.
2114,ELLE,dialogue,"I am. And I'm looking at a beautiful,"
2115,ELLE,dialogue,"fabulous, sexy woman."
2118,(CONTINUED),dialogue,Paulette snorts.
2119,PAULETTE,dialogue,Good one.
2120,ELLE,dialogue,"Trust'me. You've got the equipment, you"
2121,ELLE,dialogue,just need to read the manual.
2122,ELLE,dialogue,"Elle stands.                                                 ,"
2123,ELLE,dialogue,I ' m going to.show you a little maneuver
2124,ELLE,dialogue,my mother taught me when I was in junior
2125,ELLE,dialogue,"high. In my experience, it has a 98%"
2126,ELLE,dialogue,success rate in getting a man's attention
2127,ELLE,dialogue,an d when used appropriately--an 83%
2128,ELLE,dialogue,rate of return on a dinner invitation.
2129,ELLE,dialogue,"The HAIRSTYLISTS and CLIENTS listen, intrigued.                      ."
2130,ELLE,stage_direction,(continuing)
2131,ELLE,dialogue,"It's called the ""Bend & Snap""."
2132,ELLE,stage_direction,(acting)
2133,ELLE,dialogue,"""Oh, look! There's something on the"
2134,ELLE,dialogue,"floor that I need to pick up!"" Bend..."
2135,ELLE,dialogue,"She slowly BENDS down, as if to pick up something, sticking"
2136,ELLE,dialogue,"out her tush, knee cocked. She slids her hand down her"
2137,ELLE,dialogue,cocked leg until her hand touches the floor and she SNAPS
2138,ELLE,dialogue,"back up, boobs a'bouncing."
2139,ELLE,stage_direction,(continuing)
2140,ELLE,dialogue,And snap! Now you try.
2141,ELLE,dialogue,Paulette stands up repeating the maneuver.
2142,PAULETTE,dialogue,Bend...and snap!
2143,PAULETTE,dialogue,I t ' s a spastic version of what Elle just did.
2144,ELLE,dialogue,"Good. Now this time, put a little arch in"
2145,ELLE,dialogue,your back and maybe get your footing more
2146,ELLE,dialogue,solid.
2147,ELLE,dialogue,"Paulette does it again. This time, getting it right."
2150,ELLE,stage_direction,(continuing)
2151,ELLE,dialogue,Perfect!
2152,ELLE,dialogue,"A HAIR CLIENT walks over, head full of curlers."
2153,HAIR CLIENT,dialogue,Like this?                  .
2154,HAIR CLIENT,dialogue,She tries.
2155,ELLE,dialogue,Good.
2156,ELLE,dialogue,She adjusts her like a yoga instructor would.
2157,ELLE,dialogue,But cock that knee.
2158,ELLE,dialogue,ANOTHER CLIENT calls over.
2159,ANOTHER CLIENT,dialogue,Am I doing it right?
2160,ANOTHER CLIENT,dialogue,Elle walks over to her.
2161,ELLE,dialogue,"More snap, less bend."
2162,ELLE,dialogue,She turns to the rest of the clients.
2163,ELLE,dialogue,C'mon -- everyone try!
2164,ELLE,dialogue,Clients hop up out of their chairs as someone reaches over
2165,ELLE,dialogue,"and cranks the transistor radio, blaring ""BRICK HOUSE"" by the"
2166,ELLE,dialogue,Commodores.
2167,ELLE,dialogue,"All the clients and technicians, no matter what their age, or"
2168,ELLE,dialogue,"how many foils are in there hair, are up and doing the ""Bend"
2169,ELLE,dialogue,"& Snap"", repeating the mantra as they do."
2170,ELLE,dialogue,"Elle walks around them, continuing to adjust them."
2171,ELLE,dialogue,Now everyone together.
2172,ELLE,dialogue,"They all bend in unison -- going down on ""Brick"" --"
2173,EVERYONE,dialogue,Bend --
2174,EVERYONE,dialogue,"And snapping back up -- on ""House"" ."
2177,EVERYONE,stage_direction,(continuing)
2178,EVERYONE,dialogue,And snap !
2179,EVERYONE,dialogue,The frivolity continues as the roomful of ladies perfect the
2180,EVERYONE,dialogue,maneuver .                                                  .
2181,EVERYONE,dialogue,"M AU R I C E , a male hair-dresser, comes out of the back room,"
2182,EVERYONE,dialogue,m i xi n g a bowl of bleach as he walks. He stops when he spots
2183,EVERYONE,dialogue,the activity.                                                .
2184,MAURICE,dialogue,"Oh, my God! The Bend     & Snap!"
2185,MAURICE,stage_direction,(to an old lady)
2186,MAURICE,dialogue,Works every time...
2187,NARRATOR,scene_heading,"INT. AUSTEN, PLATT, JARET & DONOVAN-CONFERENCE ROOM-DAY"
2189,NARRATOR,scene_description,"CHUTNEY, 27, curly-haired and bitter, sits in front of"
2190,NARRATOR,scene_description,"Donovan, the FEMALE DA, the associates, the interns and a"
2191,NARRATOR,scene_description,"court .reporter, as she's interviewed."
2192,CHUTNEY,dialogue,"I got out of the shower,"" walked"
2193,CHUTNEY,dialogue,"downstairs, saw her standing over my"
2194,CHUTNEY,dialogue,"father, and called the police."
2195,DONOVAN,dialogue,Did she have a weapon in her hand?
2196,CHUTNEY,dialogue,No.
2197,DONOVAN,dialogue,Was there any reason for you to believe
2198,DONOVAN,dialogue,she had discarded a weapon?
2199,CHUTNEY,dialogue,"Uh, yeah, because the bitch shot him."
2200,DONOVAN,dialogue,Was there any evidence that Mrs . Windham
2201,DONOVAN,dialogue,shot him?
2202,CHUTNEY,stage_direction,(duh)
2203,CHUTNEY,dialogue,His dead body with a bullet in it.            .
2204,CHUTNEY,dialogue,"91   INT. AUSTEN, PLATT, JARET & DONOVAN-CONFERENCE ROOM-LATER       91"
2205,CHUTNEY,dialogue,"ENRIQUE, 25, Latino and hunky as hell, sits in the seat that"
2206,CHUTNEY,dialogue,Chutney has vacated.
2208,(CONTINUED),dialogue,91   aONTINUED:                                                      91
2209,DONOVAN,dialogue,What did you see when you entered the
2210,DONOVAN,dialogue,house?
2211,ENRIQUE,dialogue,I saw Mrs. Windham standing over the body
2212,ENRIQUE,dialogue,of Mr. Windham.
2213,DONOVAN,dialogue,Was she carrying a weapon?
2214,ENRIQUE,dialogue,"No, she was crying her eyes out."
2215,ENRIQUE,dialogue,Donovan smiles.
2216,DONOVAN,dialogue,So she was distraught that her husband
2217,DONOVAN,dialogue,was dead?
2218,ENRIQUE,dialogue,"Oh, yes. Mrs. Windham is the most sweet,"
2219,ENRIQUE,dialogue,wonderful woman I know. I have loved her
2220,ENRIQUE,dialogue,since the day she hired me. She could
2221,ENRIQUE,dialogue,never do something this awful. I know
2222,ENRIQUE,dialogue,this because we are very close.
2223,ENRIQUE,dialogue,"The others shift uncomfortably, then look at each other. Then.,"
2224,ENRIQUE,dialogue,"back at Enrique and his shiny, unbuttoned-to-show-his-pecs"
2225,ENRIQUE,dialogue,shirt. The DA smiles.
2226,ENRIQUE,dialogue,92   INT. STEAKHOUSE - NIGHT                                         .9.2
2227,ENRIQUE,dialogue,"Donovan, the interns, and associates sit at a large table."
2228,GERARD,dialogue,She's screwing the pool boy.
2229,GERARD,dialogue,Elle gasps and makes a face.
2230,ELLE,dialogue,There is no way a Delta Gamma would sleep
2231,ELLE,dialogue,"with a man in a shiny shirt. Warner,"
2232,ELLE,dialogue,back me up here.
2233,ELLE,dialogue,"Warner shrugs, embarrassed.    Sarah looks at Donovan."
2234,SARAH,dialogue,I hate to agree ~ but I don't see the
2235,SARAH,dialogue,two of them actually --
2236,SARAH,stage_direction,(wrinkling her nose)
2237,SARAH,dialogue,doing it.
2240,ENID,dialogue,Women like that will screw anything.
2241,ELLE,dialogue,"So, because she's beautiful and has a good"
2242,ELLE,dialogue,"body, she's easy? What book of feminist"
2243,ELLE,dialogue,"theory did you read iiiai in, Enid?"
2244,ELLE,dialogue,Emmett jumps in before war breaks out.
2245,EMMETT,dialogue,"Okay, if Brooke didn't kill the guy, who did?"
2246,ELLE,dialogue,My money's on the angry daughter or the
2247,ELLE,dialogue,ex-wife.
2248,DONOVAN,dialogue,Chutney has a trust fund. She didn't
2249,DONOVAN,dialogue,need the insurance payoff or the
2250,DONOVAN,dialogue,inheritance.
2251,BOBBY,dialogue,What about her mother?
2252,DONOVAN,dialogue,Covered. She was in Aspen at the time.
2253,DONOVAN,dialogue,Ten people saw her downing cosmopolitans
2254,DONOVAN,dialogue,at the Caribou Club.
2255,ELLE,dialogue,Al l I know is-- it's not Brooke.
2256,DONOVAN,dialogue,"That's touching, Elle, but we need an"
2257,DONOVAN,dialogue,alibi.
2258,DONOVAN,dialogue,Elle thinks about this.
2259,DONOVAN,dialogue,93   INT. BOSTON JAIL - LOBBY - DAY       '                          93
2260,DONOVAN,dialogue,A--nervous Elle stands in front of the burly CHECK-IN GUARD..
2261,DONOVAN,dialogue,She holds a basket of goodies.
2262,ELLE,dialogue,I ' m here to see Brooke Wi'ndham.
2263,GUARD,dialogue,Licensed attorney or family member?
2264,ELLE,dialogue,Uh -- family.
2267,GUARD,dialogue,Relation?
2268,ELLE,dialogue,I ' m her sister.
2269,GUARD,dialogue,Name?
2270,ELLE,dialogue,Delta.   Gamma.
2271,ELLE,dialogue,He makes a note and buzzes her in.       '
2272,ELLE,dialogue,94   INT. BOSTON JAIL - DAY                                               94
2273,ELLE,dialogue,Elle sits at a conference table with her basket. A door
2274,ELLE,dialogue,opens and a female guard brings Brooke into the room. Wearing
2275,ELLE,dialogue,a horribly tacky orange jumpsuit.
2276,ELLE,dialogue,Are you okay? You look so sad...and so
2277,ELLE,dialogue,.               orange.
2278,BROOKE,dialogue,I ' m glad it's you and not Donovan.
2279,.          ELLE,dialogue,He means well.      He's really brilliant and
2280,.          ELLE,dialogue,all.
2281,.          ELLE,dialogue,"Brooke sits, not looking convinced."
2282,BROOKE,dialogue,"He better be, for what I ' m paying him."
2283,BROOKE,dialogue,Elle pushes her basket forward.
2284,ELLE,dialogue,I brought you some necessities. Pink
2285,ELLE,dialogue,sheets. Aromatherapy candles. Loofah.
2286,ELLE,dialogue,And The Bible.
2287,ELLE,dialogue,"She holds up a ""Cosmopolitan""."
2288,BROOKE,dialogue,You're an angel.
2289,BROOKE,dialogue,Elle squirms in her seat.
2292,ELLE,dialogue,But I have to tell you the real reason
2293,ELLE,dialogue,I ' m here. Professor Donovan says we
2294,ELLE,dialogue,"really, really need your alibi."
2295,ELLE,dialogue,Brooke tears up.
2296,BROOKE,dialogue,"Elle, I can't. You don't understand."
2297,ELLE,dialogue,Who could better understand than me?
2298,ELLE,dialogue,Brooke dabs her eyes with a corner of the pink Ralph Lauren
2299,ELLE,dialogue,sheets.
2300,BROOKE,dialogue,It's so shameful...
2301,ELLE,dialogue,Whatever it is -- it could save you.
2302,BROOKE,dialogue,That's just it -- it would ruin me!
2303,ELLE,dialogue,How?
2304,ELLE,dialogue,Brooke composes herself. Takes a deep breath. Looks at Elle.
2305,BROOKE,dialogue,I have made my fortune on my ability to
2306,BROOKE,dialogue,teach women how to perfect their bodies
2307,BROOKE,dialogue,with the Brooke's Butt Buster workout.
2308,ELLE,dialogue,I know!   You helped me go from a six to a
2309,ELLE,dialogue,four!
2310,ELLE,dialogue,Brooke starts to cry again.
2311,BROOKE,dialogue,"On the day of Heyworth's murder, I was --"
2312,BROOKE,dialogue,She snorts back a sob.
2313,BROOKE,stage_direction,(continuing)
2314,BROOKE,dialogue,getting liposuction.
2315,BROOKE,dialogue,Elle gasps.
2318,ELLE,dialogue,No!
2319,BROOKE,stage_direction,(completely shamed)
2320,BROOKE,dialogue,I ' m a fraud! But it's not like normal
2321,BROOKE,dialogue,people can have this ass! If my fans
2322,BROOKE,dialogue,"knew, I ' d lose everything. I've already"
2323,BROOKE,dialogue,lost my husband. I rather be in jail
2324,BROOKE,dialogue,then lose my reputation!
2325,BROOKE,dialogue,"Elle hugs her to her chest, consoling her."
2326,ELLE,dialogue,Your secret is safe with me.
2327,ELLE,dialogue,"95   INT. AUSTEN, PLATT, JARET & DONOVAN - LIBRARY - DAY            95"
2328,ELLE,dialogue,The associates and interns sit at a table piled high with
2329,ELLE,dialogue,"research, as Donovan goes over his notes."
2330,DONOVAN,dialogue,..              We've got two interviews tomorrow that
2331,DONOVAN,dialogue,"Dick and Bobby are gonna handle, and the"
2332,DONOVAN,dialogue,ex-wife in an hour.
2333,DONOVAN,dialogue,He looks up.
2334,DONOVAN,stage_direction,(continuing)
2335,DONOVAN,dialogue,"Sarah, can you grab me some coffee?"
2336,DONOVAN,dialogue,"Sarah rises, and fetches the coffee from the side table."
2337,DONOVAN,stage_direction,(continuing)
2338,DONOVAN,dialogue,And according to this communique from the
2339,DONOVAN,dialogue,"prison, our client apparently had a visit"
2340,DONOVAN,dialogue,fr om her sister? A Miss Delta Gamma --
2341,DONOVAN,dialogue,He looks at Elle.
2342,DONOVAN,stage_direction,(continuing)
2343,DONOVAN,dialogue,Anyone you know?
2344,DONOVAN,dialogue,"Elle looks up, caught.   The others looks at her."
2345,ELLE,dialogue,I went to get her alibi.
2346,ELLE,dialogue,"Emmett looks over, surprised."
2349,DONOVAN,dialogue,Did you get it?
2350,ELLE,dialogue,But I can't tell you what it is.
2351,ELLE,dialogue,Yes.
2352,ELLE,dialogue,The others can't believe this.
2353,DONOVAN,dialogue,Why the hell not?
2354,' ELLE,dialogue,I promised her I ' d keep it secret. I
2355,' ELLE,dialogue,can't break the bonds of sisterhood!
2356,' ELLE,dialogue,Now he's pissed.
2357,DONOVAN,dialogue,"Fuck sisterhood. This is a murder trial,"
2358,DONOVAN,dialogue,not some scandal at the sorority house.
2359,DONOVAN,dialogue,I want the alibi.
2360,DONOVAN,dialogue,Sarah sets Donovan's coffee down.     Watching to see what Elle
2361,DONOVAN,dialogue,will do.
2362,ELLE,dialogue,I can't give it to you. All I can tell
2363,ELLE,dialogue,you is that she's innocent.
2364,ELLE,dialogue,An ASSISTANT pokes her head in the room.
2365,ASSISTANT,dialogue,Mr. Donovan? Mrs. Windham Vandermark is
2366,ASSISTANT,dialogue,on line two.
2367,ASSISTANT,dialogue,"Donovan rises, still annoyed."
2368,DONOVAN,dialogue,Someone reason with her while I take
2369,DONOVAN,dialogue,this.
2370,DONOVAN,dialogue,He walks out.     The others look at Elle.
2371,BOBBY,dialogue,Are you crazy? Tell him the alibi.
2372,ELLE,dialogue,", No!"
2373,DICK,dialogue,We're gonna lose the case if you don't.
2376,ELLE,dialogue,Then we're not very good lawyers.
2377,ELLE,dialogue,Emmett hides a smile.     Warner leans over to Elle.   Sarah is
2378,ELLE,dialogue,"nearby, listening."
2379,WARNER,stage_direction,(quietly)
2380,WARNER,dialogue,"If you tell him, you'll probably make"
2381,WARNER,dialogue,summer associate. Who cares.about Brooke?
2382,WARNER,dialogue,Think about yourself.
2383,ELLE,dialogue,"I gave her my word, Warner."
2384,ELLE,dialogue,Sarah watches -- seeing both Warner and Elle in a different
2385,ELLE,dialogue,light.
2386,ELLE,dialogue,Donovan storms back in.
2387,DONOVAN,dialogue,The ex-wife seems to be unconcerned with
2388,DONOVAN,dialogue,the fact that her interview is today.
2389,DONOVAN,dialogue,She's at a spa in the Berkshires.
2390,GERARD,dialogue,A spa?
2391,GERARD,stage_direction,(to Elle)
2392,GERARD,dialogue,"Isn't that like, your Mother-Ship?"
2393,GERARD,dialogue,Elle shrugs and looks at Donovan.
2394,ELLE                 .,dialogue,I can go if you want.
2395,ENID,dialogue,Why you?
2396,GERARD,stage_direction,(to Enid)
2397,GERARD,dialogue,Have you ever been to a spa?
2398,ENID,dialogue,And subscribe to the doctrine of self-
2399,ENID,dialogue,hatred imposed upon my gender by male
2400,ENID,dialogue,delusions of the way women are supposed
2401,ENID,dialogue,to look?
2402,ENID,dialogue,(beat)                                                   .
2403,ENID,dialogue,Twice.
2404,ENID,dialogue,Donovan motions toward Elle. Then looks at Emmett with a
2405,ENID,dialogue,"pointed ""Get the alibi"" look."
2408,DONOVAN,dialogue,Go with her.
2409,DONOVAN,dialogue,96   INT. EMMETT'S VOLVO - DAY                                        96
2410,DONOVAN,dialogue,"Emmett drives, Elle is shotgun."
2411,ELLE,dialogue,Explain to me why you're so anti- Brooke.
2412,EMMETT,dialogue,"Uh, for starters, she won'-t give us an"
2413,EMMETT,dialogue,al i bi --
2414,ELLE,dialogue,Aside from that.
2415,EMMETT,dialogue,She's completely untrustworthy.
2416,ELLE,dialogue,Why?
2417,EMMETT,dialogue,"She married an old man, she's made a"
2418,EMMETT,dialogue,"living on telling women they're too fat,"
2419,EMMETT,dialogue,she hawks her crap on the Home Shopping
2420,EMMETT,dialogue,Network...
2421,ELLE,dialogue,A) He's an old man with a really big
2422,ELLE,dialogue,penis. B) She never told me I was fat.
2423,ELLE,dialogue,And C) Victoria Principal sells on that
2424,ELLE,dialogue,network.
2425,EMMETT,dialogue,And D) Brooke is obviously hiding
2426,EMMETT,dialogue,something.
2427,ELLE,dialogue,But maybe it's not what you think.
2428,EMMETT,dialogue,Bu t maybe it is--         .
2429,EMMETT,dialogue,They're quiet for a moment.     She looks at him.
2430,ELLE,dialogue,You're kind of being a butt-head right
2431,ELLE,dialogue,now.
2434,EMMETT,stage_direction,(amused)
2435,EMMETT,dialogue,How do you figure?
2436,ELLE,dialogue,Because people aren't always what they
2437,ELLE,dialogue,seem to be and you refuse to see that.
2438,ELLE,dialogue,Have a little faith. You might be
2439,ELLE,dialogue,surprised.
2440,ELLE,dialogue,They're quiet again while he thinks about this.         He looks
2441,ELLE,dialogue,over at her.
2442,EMMETT,dialogue,I can't believe you called me a butt-
2443,EMMETT,dialogue,head. No one's called me a butt-head
2444,EMMETT,dialogue,since ninth grade.
2445,ELLE,dialogue,Maybe not to your face...
2446,ELLE,dialogue,"She gives him a teasing smile.        He smiles back at her,"
2447,ELLE,dialogue,shaking his head.
2448,ELLE,dialogue,97   INT. SPA - LOBBY - DAY                                               97
2449,ELLE,dialogue,Elle and Emmett are at the desk.
2450,ELLE,dialogue,We have two o'clock massages. Kerrigan
2451,ELLE,dialogue,and Woods.
2452,DESK CLERK,dialogue,Go on back.                              .
2453,DESK CLERK,dialogue,"Elle starts to go, then stops."
2454,ELLE,dialogue,"Oh, and my friend Katherine Windham"
2455,ELLE,dialogue,Vandermark is here somewhere and I ' m
2456,ELLE,dialogue,supposed to meet her. for a Pilates class.
2457,ELLE,dialogue,Do you have her schedule?
2458,DESK CLERK,stage_direction,(checking)
2459,DESK CLERK,dialogue,She's in the mud room until four.
2460,DESK CLERK,dialogue,Elle smiles her thanks and walks off with Emmett.
2461,EMMETT,dialogue,Damn. We can't see her for an hour?
2464,ELLE,dialogue,"No, she can't move for an hour."
2465,ELLE,dialogue,She grabs his arm and pulls him down the hall.
2466,ELLE,dialogue,98   INT. SPA - MUD ROOM - DAY                                           98
2467,ELLE,dialogue,"MRS. WINDHAM VANDERMARK, late 40s, brunette, East Coast hoity-"
2468,ELLE,dialogue,"t o i t y -- lies on a table like a corpse, stiff with mud,"
2469,ELLE,dialogue,cucumbers over her eyes. Elle and Emmett poke their heads in.
2470,ELLE,dialogue,Mrs. Windham Vandermark?
2471,EMMETT,dialogue,"We're here from Austen, Platt, Jaret &"
2472,EMMETT,dialogue,Donovan --
2473,MRS. WINDHAM VANDERMARK,dialogue,"So, you found me."
2474,MRS. WINDHAM VANDERMARK,dialogue,Emmett looks at Elle.
2475,EMMETT,stage_direction,(sotto)
2476,EMMETT,dialogue,She's naked.
2477,MRS. WINDHAM VANDERMARK,dialogue,I ' m covered in very expensive Egyptian
2478,MRS. WINDHAM VANDERMARK,dialogue,mud   -- hardly naked.
2479,ELLE,stage_direction,(to Emmett)
2480,ELLE,dialogue,I'll cover her -- parts.
2481,ELLE,dialogue,"Elle settles on three washcloths, strategically placed."
2482,MRS. WINDHAM VANDERMARK,dialogue,"So, I hear the tart from California shot    -"
2483,MRS. WINDHAM VANDERMARK,dialogue,Heyworth.
2484,EMMETT,dialogue,"Well, that's what we're trying to prove"
2485,EMMETT,dialogue,didn't happen. Do you have any reason to
2486,EMMETT,dialogue,believe it did?
2487,MRS. WINDHAM VANDERMARK,dialogue,"I never met the woman, but from what my"
2488,MRS. WINDHAM VANDERMARK,dialogue,"daughter tells me, she's quite the cun--"
2489,ELLE,stage_direction,(interrupting her)
2490,ELLE,dialogue,She's not!
2493,EMMETT,dialogue,Did your daughter ever say anything to
2494,EMMETT,dialogue,you about Brooke and Heyworth's
2495,EMMETT,dialogue,relationship?
2496,MRS. WINDHAM VANDERMARK,dialogue,Aside from the fact that he found her on
2497,MRS. WINDHAM VANDERMARK,dialogue,an infomercial? She said they humped like
2498,MRS. WINDHAM VANDERMARK,dialogue,gorillas . Chutney could hear them all
2499,MRS. WINDHAM VANDERMARK,dialogue,the way in the pool house.
2500,EMMETT,dialogue,I ' m sure that was very awkward for
2501,EMMETT,dialogue,Chutney.
2502,EMMETT,stage_direction,(sotto)
2503,EMMETT,dialogue,"Much as it is for me, hearing you tell"
2504,EMMETT,dialogue,about it.
2505,MRS. WINDHAM VANDERMARK,dialogue,But I guess it wasn't enough for Brooke.
2506,EMMETT,dialogue,Why do you say that?
2507,MRS . WINDHAM VANDERMARK,dialogue,Haven't you seen the cabana boy?
2508,ELLE,stage_direction,(uneasy)
2509,ELLE,dialogue,Ys. . . .
2510,ELLE,dialogue,e
2511,MRS. WINDHAM VANDERMARK,dialogue,"Like I said, I've never met Brooke, but I"
2512,MRS. WINDHAM VANDERMARK,dialogue,have seen her from a distance. When I ' d
2513,MRS. WINDHAM VANDERMARK,dialogue,come over to pick up the alimony check
2514,MRS. WINDHAM VANDERMARK,dialogue,"that Heyworth forgot to mail every month,"
2515,MRS. WINDHAM VANDERMARK,dialogue,"she'd be out by the pool, with Mr. Hot"
2516,MRS. WINDHAM VANDERMARK,dialogue,Pants hovering over her with some pink
2517,MRS. WINDHAM VANDERMARK,dialogue,drink.
2518,EMMETT,dialogue,Hovering?
2519,MRS . WINDHAM VANDERMARK,dialogue,I didn't stick around long enough to
2520,MRS . WINDHAM VANDERMARK,dialogue,watch him stick his swizzle stick in her
2521,MRS . WINDHAM VANDERMARK,dialogue,"mouth, but I ' d bet my next check that"
2522,MRS . WINDHAM VANDERMARK,dialogue,that ' s where he was about to put it .
2523,MRS . WINDHAM VANDERMARK,dialogue,99   INT. EMMETT 'S VOLVO - DAY                                           99
2524,MRS . WINDHAM VANDERMARK,dialogue,"Emmett drives, raving."
2527,EMMETT,dialogue,How can you still believe she's innocent?
2528,ELLE,dialogue,You're going to trust the word of a woman
2529,ELLE,dialogue,who named her child after a condiment?
2530,ELLE,dialogue,She's ly-ing.
2531,EMMETT,dialogue,And you know this for a fact?
2532,' ELLE,dialogue,Did you see the icky black color of her
2533,' ELLE,dialogue,hair?
2534,EMMETT,dialogue,So?
2535,ELLE,dialogue,I never trust a woman who's not blonde.
2536,ELLE,dialogue,"Except for my friend Serena, but that's"
2537,ELLE,dialogue,only because she's a blonde at heart.
2538,ELLE,dialogue,That's the whole reason I ' m starting the
2539,ELLE,dialogue,Blonde Legal Defense Fund.
2540,ELLE,dialogue,He looks at her and laughs.
2541,EMMETT,dialogue,The what?
2542,ELLE,dialogue,Blondes are discriminated against
2543,ELLE,dialogue,"worldwide! Brooke's a blonde, and people"
2544,ELLE,dialogue,are saying she's sleeping with the cheesy
2545,ELLE,dialogue,pool boy and shooting her husband. If
2546,ELLE,dialogue,"she was a mousy brunette, it would be,"
2547,ELLE,dialogue,"""Oh, the poor widow."""
2548,EMMETT,dialogue,You're serious?
2549,EMMETT,dialogue,She's fired up now.
2550,ELLE,dialogue,You should see the way I ' m treated in
2551,ELLE,dialogue,class! I'm a complete source of mockery.
2552,ELLE,dialogue,This is why the Blonde Legal Defense Fund
2553,ELLE,dialogue,is needed.
2554,ELLE,dialogue,"He goes along with it, won over by her enthusiasm."
2555,EMMETT,dialogue,"Okay, how would it work?"
2558,E LLE,dialogue,"It would be a full-service law firm, by"
2559,E LLE,dialogue,"and for blondes, providing positive"
2560,E LLE,dialogue,blonde role models and community outreach
2561,E LLE,dialogue,"in high blonde areas. I mean, think"
2562,E LLE,dialogue,about it -- name one blonde intellectual
2563,E LLE,dialogue,role model.
2564,EMMETT,dialogue,-- I can't.
2565,ELLE,dialogue,That is a direct result of anti- blonde
2566,ELLE,dialogue,discrimination!
2567,EMMETT,dialogue,Wait -- Hilary Clinton.
2568,ELLE,dialogue,"If she were a true blonde, she would've"
2569,ELLE,dialogue,left the cheating bastard. Blondes don't
2570,ELLE,dialogue,let their husbands get fellated by
2571,ELLE,dialogue,brunettes and live to tell about it.
2572,ELLE,dialogue,Emmett frowns.
2573,EMM E T T,dialogue,".     In that case, maybe Heyworth got ---"
2574,EMM E T T,dialogue,fellated --by a brunette and Brooke
2575,EMM E T T,dialogue,caught him.
2576,ELLE,dialogue,Exactly how much gorilla sex do you think
2577,ELLE,dialogue,a sixty-year-old man can take?  .
2578,EMMETT,dialogue,That's not really a topic that keeps me
2579,EMMETT,dialogue,up at night -- but maybe it should.
2580,EMMETT,dialogue,Elle digs in her purse.
2581,ELLE,dialogue,Speaking of that  -- I bought you some
2582,ELLE,dialogue,seaweed cream while we were at the spa.
2583,ELLE,dialogue,"She hands it to him.    He keeps his hands on the wheel, not"
2584,ELLE,dialogue,taking it.
2585,EMMETT,dialogue,What the hell is that for?
2588,ELLE,dialogue,The bags under your eyes. You're an
2589,ELLE,dialogue,"attractive man, but you need to take"
2590,ELLE,dialogue,better care of yourself.
2591,EMMETT,dialogue,I don't --
2592,EMMETT,stage_direction,(gesturing to the cream)
2593,EMMETT,dialogue,Do that stuff.
2594,ELLE,dialogue,"Well, you should --. I f you look good,     you"
2595,ELLE,dialogue,"feel good and if you feel good, you"
2596,ELLE,dialogue,project joy into the world.
2597,EMMETT,dialogue,Projecting joy is not my job.
2598,ELLE,dialogue,.         (sighing)
2599,ELLE,dialogue,Fine. Sorry I brought it up.
2600,ELLE,dialogue,She puts the cream back in her purse.        They ride in silence
2601,ELLE,dialogue,fo r a moment. Then --
2602,EMMETT,dialogue,You really think I ' m attractive?
2603,ELLE,dialogue,For a butt-head? Yes.
2604,ELLE,dialogue,She smiles at him.                             .
2605,ELLE,dialogue,100   EXT. HARVARD CAMPUS - NIGHT                                          100
2606,ELLE,dialogue,"Elle walks down the sidewalk to her dorm, approaching Dorky"
2607,ELLE,dialogue,David as he tries to ask out a FRESHMAN GIRL who thinks she's
2608,ELLE,dialogue,a lot cuter than she actually is. She stands with her
2609,ELLE,dialogue,freshman friends.
2610,#NAME?,dialogue,So -- I called your room last night.
2611,FRESHMAN GIRL,dialogue,(cold)                   '
2612,FRESHMAN GIRL,dialogue,I heard.                                                        .
2613,DORKY DAVID,dialogue,I was thinking maybe we could go out
2614,DORKY DAVID,dialogue,sometime.
2617,FRESHMAN GIRL,dialogue,"Uh, n o . . . you're a dork."
2618,FRESHMAN GIRL,dialogue,turns back to her FRIENDS who all laugh at him.    Elle
2619,FRESHMAN GIRL,dialogue,winces as she passes.
2620,DORKY DAVID,stage_direction,(hopeful)
2621,DORKY DAVID,dialogue,I ' m in law school --
2622,DORKY DAVID,dialogue,The Freshman Girl turns back to him.
2623,FRESHMAN GIRL,dialogue,Look -- I ' m not going out with you. I
2624,FRESHMAN GIRL,dialogue,can't believe you'd even ask. Girls like
2625,FRESHMAN GIRL,dialogue,me don't go out with losers like you.
2626,FRESHMAN GIRL,dialogue,"Her friends snicker. Elle stops at this and sighs,"
2627,FRESHMAN GIRL,dialogue,acknowledging to herself that she has to help this guy.   She
2628,FRESHMAN GIRL,dialogue,"turns and marches back, SLAPPING Dorky David across the   face."
2629,FRESHMAN GIRL,dialogue,"Dorky David is stunned, as is the Freshman Girl."
2630,ELLE,stage_direction,(upset)
2631,ELLE,dialogue,Why didn't you call me?
2632,DORKY DAVID,dialogue,What?
2633,ELLE,dialogue,We spend a beautiful night together and
2634,ELLE,dialogue,then I never hear from you again?
2635,DORKY DAVID,dialogue,I -- uh --
2636,DORKY DAVID,dialogue,Elle signals with her eyes for him to go along with it.
2637,DORKY DAVID,stage_direction,(continuing)
2638,DORKY DAVID,dialogue,I'm sorry?
2639,ELLE,dialogue,F or what? Breaking my heart or ruining sex for me
2640,ELLE,dialogue,with any other man?
2641,DORKY DAVID,dialogue,U h -- both?
2642,ELLE,dialogue,Forget it. I've already spent too many
2643,ELLE,dialogue,hours crying over you.
2646,(CONTINUED),dialogue,She rushes off. Dorky David and the Freshman Girl and her
2647,(CONTINUED),dialogue,"friends watch Elle go. After a moment, the girl turns to David."
2648,FRESHMAN GIRL,dialogue,"So, urn, when did you wanna go out?"
2649,ANOTHER GIRL,dialogue,I ' m free on Friday.
2650,ANOTHER GIRL,dialogue,"W al k in g away, Elle hears this and smiles."
2651,ANOTHER GIRL,dialogue,101   EXT. COURTHOUSE - DAY                                             101
2652,ANOTHER GIRL,dialogue,P e op le ascend the wide courthouse steps.
2653,BA ILIF F (O.S.),dialogue,Th e first district court is now in session.
2654,BA ILIF F (O.S.),dialogue,Th e honorable Judge William R. Ptak presiding.
2655,BA ILIF F (O.S.),dialogue,102   INT. COURTROOM - DAY                                              .102
2656,BA ILIF F (O.S.),dialogue,T he DA grills Mrs. Windham Vandermark.
2657,D A JOYCE RAFFERTY,dialogue,A nd what was the defendant doing?
2658,D A JOYCE RAFFERTY,dialogue,M R S. WINDHAM VANDERMARK
2659,D A JOYCE RAFFERTY,dialogue,"S it ti n g next to the pool topless, while"
2660,D A JOYCE RAFFERTY,dialogue,th e Latin boy handed her a drink.
2661,C UT TO:,dialogue,103   INT. COURTROOM - DAY                                              103
2662,C UT TO:,dialogue,DA Rafferty continues her grilling.
2663,DA JOYCE RAFFERTY,dialogue,A n d where was she exactly?
2664,DA JOYCE RAFFERTY,dialogue,T h i s time -- Chutney is on the stand.
2665,DA JOYCE RAFFERTY,dialogue,C HU TN E Y
2666,DA JOYCE RAFFERTY,dialogue,St and in g over my father's dead body.
2667,CUT TO:,dialogue,104   INT. COURTROOM - DAY                                              104
2668,CUT TO:,dialogue,CLOSE ON a tiny Speedo thong .
2669,DA JOYCE RAFFERTY (O.S.),dialogue,"Mr. Salvatore, can you tell us what this"
2670,DA JOYCE RAFFERTY (O.S.),dialogue,is?
2673,(CONTINUED),dialogue,We PULL BACK to reveal that the DA is holding it up as she
2674,(CONTINUED),dialogue,questions Enrique.
2675,ENRIQUE,dialogue,My uniform.
2676,DA JOYCE RAFFERTY,dialogue,This is the uniform that Mrs. Windham
2677,DA JOYCE RAFFERTY,dialogue,asked you to wear while cleaning her
2678,DA JOYCE RAFFERTY,dialogue,pool?
2679,ENRIQUE,dialogue,Yes.
2680,DA JOYCE RAFFERTY,dialogue,"And are you or are you not, having an"
2681,DA JOYCE RAFFERTY,dialogue,affair with Brooke Windham?
2682,DA JOYCE RAFFERTY,dialogue,Enrique shifts in his seat.
2683,ENRIQUE,dialogue,Define affair.
2684,DA JOYCE RAFFERTY,dialogue,Have you inserted your genitalia into
2685,DA JOYCE RAFFERTY,dialogue,hers?
2686,DONOVAN,dialogue,Objection --
2687,DA JOYCE RAFFERTY,stage_direction,(to Enrique)
2688,DA JOYCE RAFFERTY,dialogue,Have you and Mrs. Windham had sexual
2689,DA JOYCE RAFFERTY,dialogue,relations?
2690,ENRIQUE,dialogue,Y es!   Okay? Yes!
2691,ENRIQUE,dialogue,"The courtroom gasps. Elle looks over at Brooke, who's"
2692,ENRIQUE,dialogue,"shaking her head, outraged."
2693,ENRIQUE,dialogue,105   INT. COURTROOM - MOMENTS LATER                                105
2694,ENRIQUE,dialogue,"Everyone files out.    As Brooke is being led away, she turns"
2695,ENRIQUE,dialogue,to Elle.
2696,BROOKE,dialogue,I'm not having an affair with Enrique --
2697,BROOKE,dialogue,you know a Delta Gamma would never sleep
2698,BROOKE,dialogue,with a man who wears a thong! I just
2699,BROOKE,dialogue,liked watching him bend over to clean the
2700,BROOKE,dialogue,f i lt e r --
2703,ELLE,dialogue,I believe you! Don't worry.
2704,ELLE,dialogue,Brooke is taken away.
2705,ELLE,dialogue,106   INT. ELLE'S DORM ROOM - NIGHT                                   106
2706,ELLE,dialogue,"Elle, in sweats and a pony-tail, pours over a mammoth-sized"
2707,ELLE,dialogue,deposition. A KNOCK sounds.
2708,ELLE,dialogue,Come in.
2709,ELLE,dialogue,Sarah enters.
2710,SARAH,stage_direction,(re the depo)
2711,SARAH,dialogue,You done with that yet?
2712,SARAH,dialogue,Elle hands the deposition over.
2713,ELLE,dialogue,Take it. I've read it twenty times.
2714,ELLE,dialogue,She grabs another one off of the stack and begins reading.
2715,ELLE,dialogue,Sarah lingers.
2716,SARAH,dialogue,"I believe her, too. I don't think she's"
2717,SARAH,dialogue,having an affair with Enrique.
2718,ELLE,dialogue,Too bad you and I are the only ones.
2719,SARAH,dialogue,I ' m still can't believe you didn't tell
2720,SARAH,dialogue,Donovan the alibi.
2721,SARAH,dialogue,"Elle looks up, defensive."
2722,ELLE,dialogue,It's not my alibi to tell --
2723,SARAH,stage_direction,(interrupting)
2724,SARAH,dialogue,I know. I thought that was very --
2725,SARAH,dialogue,classy of you.          .
2726,ELLE,stage_direction,(surprised)
2727,ELLE,dialogue,Really? Thanks.
2728,ELLE,dialogue,"Sarah starts to go, then stops."
2731,SARAH,dialogue,y                   Have you ever noticed that Donovan never
2732,SARAH,dialogue,asks Warner to bring him coffee? He's
2733,SARAH,dialogue,asked me at least a dozen times.
2734,SARAH,dialogue,Elle shrugs.
2735,ELLE,dialogue,Men are helpless.     You know that.
2736,ELLE,dialogue,"Sarah lingers, leaning on the edge of the couch."
2737,SARAH,dialogue,Warner can't even do his own laundry.
2738,ELLE,dialogue,I know.     He has it sent out.
2740,SARAH,dialogue,Did you know he got wait-listed when he
2741,SARAH,dialogue,appli ed? His father had to make a call.
2742,ELLE,stage_direction,(stunned)
2743,ELLE,dialogue,You're kidding!
2744,ELLE,dialogue,A KNOCK sounds on the open door and Margot and Serena poke
2745,ELLE,dialogue,their heads in.
2746,MARGOT AND SERENA,dialogue,Surprise!
2747,ELLE,dialogue,"Oh, my God!                       ' -."
2748,ELLE,dialogue,"Sarah watches as Elle jumps up to hug the girls, who each"
2749,ELLE,dialogue,have a bottle of Veuve Cliquot in their hands.
2750,ELLE,stage_direction,(continuing)
2751,ELLE,dialogue,What're you doing here?!
2752,SERENA,dialogue,We're on our way to the bridal show in
2753,SERENA,dialogue,New York so we thought we'd rescue you
2754,SERENA,dialogue,from law school for the night.
2755,MARGOT,stage_direction,(tempting her)
2756,MARGOT,dialogue,We have a limo downstairs and lots more
2757,MARGOT,dialogue,of these.
2758,MARGOT,dialogue,She wiggles her champagne bottle.
2761,ELLE,dialogue,You guys -- I can't. We're in the middle
2762,ELLE,dialogue,of a trial.
2763,SERENA,dialogue,Where's Warner?
2764,SARAH,stage_direction,(confused)
2765,SARAH,dialogue,At the office ~
2766,SARAH,dialogue,Margot and Serena look over at her.
2767,MARGOT,dialogue,"Oh, how sweet!        You made friends with a"
2768,MARGOT,dialogue,nerdy girl.
2769,ELLE,dialogue,Margot!
2770,SERENA,dialogue,"Bring her, too."
2771,SERENA,stage_direction,(to Sarah)
2772,SERENA,dialogue,C'mon. You can wear one of Elle's
2773,SERENA,dialogue,outfits.
2774,SARAH,dialogue,T ha t ' s okay --
2775,MARGOT,stage_direction,(to Elle)
2776,MARGOT,dialogue,"Speaking of which, can you please put on"
2777,MARGOT,dialogue,some party clothes? You look like
2778,MARGOT,dialogue,someone rolled you in something sticky
2779,MARGOT,dialogue,and dragged you through a K-Mart.
2780,ELLE,stage_direction,(torn)
2781,ELLE,dialogue,I can't believe you guys are actually
2782,ELLE,dialogue,here -- but this case is important. I'll
2783,ELLE,dialogue,"make it up to you after finals, okay? I"
2784,ELLE,dialogue,promise. I really want to do a good job.
2785,ELLE,dialogue,"Margot and Serena stare at her, realizing she means it."
2786,SERENA,dialogue,Okay. . . Call us if you change your mind.
2787,SERENA,dialogue,They start to head out. Margot hands Sa-rah the bottle of champagne.
2788,MARGOT,dialogue,Here.
2791,(CONTINUED),dialogue,She spots The Rock on Sarah's finger and grabs her hand.
2792,MARGOT,stage_direction,(continuing)
2793,MARGOT,dialogue,Jesus. Talk about a Rock. You must be
2794,MARGOT,dialogue,better in bed than you look.
2795,MARGOT,dialogue,Elle hustles them out the door.
2796,ELLE,dialogue,"I'll call you as soon as it's over, okay?"
2797,ELLE,dialogue,Sisters forever?
2798,MARGOT AND SERENA,dialogue,Sister forever.
2799,MARGOT AND SERENA,dialogue,She shuts the door behind them.    Then looks at Sarah.
2800,ELLE,stage_direction,(continuing)
2801,ELLE,dialogue,Sorry about that.
2802,ELLE,dialogue,Sarah sets down the Veuve.
2803,SARAH,dialogue,Save it.
2804,SARAH,dialogue,She smiles at Elle.
2805,SARAH,stage_direction,(continuing)
2806,SARAH,dialogue,We'll drink it after we win.
2807,SARAH,dialogue,Elle smiles .
2808,SARAH,dialogue,107   INT. BEAUTY OASIS - DAY                                         107
2809,SARAH,dialogue,Paulette arranges a nail polish display by the door.
2810,UPS GUY (O.S.),dialogue,I've got a big one for you.
2811,UPS GUY (O.S.),dialogue,Paulette freezes and slowly turns to find UPS Guy holding out
2812,UPS GUY (O.S.),dialogue,a big package.
2813,UPS GUY,dialogue,Can you sign?
2814,UPS GUY,dialogue,"He hands her the computerized tablet and as he does, the pen"
2815,UPS GUY,dialogue,velcroed to the side falls off.
2816,UPS GUY,dialogue,Paulette watches as it FALLS IN SLO-MO. Realizing that now
2817,UPS GUY,dialogue,is the perfect time to try the Bend & Snap.
2820,(CONTINUED),dialogue,"She bends slowly, tush out, knee cocked. She grabs the pen"
2821,(CONTINUED),dialogue,"and as she prepares to Snap back up, UPS Guy leans over to"
2822,(CONTINUED),dialogue,help.
2823,UPS GUY,stage_direction,(continuing)
2824,UPS GUY,dialogue,Got it?
2825,UPS GUY,dialogue,"Not realizing he's leaning over, she SNAPS back up --"
2826,UPS GUY,dialogue,CLOCKING him in the NOSE with her head.
2827,UPS GUY,dialogue,"He reels backward, holding his nose, blood flowing as"
2828,UPS GUY,dialogue,Paulette stares at him-in horror.
2829,PAULETTE,dialogue,Oh my God!
2830,CUT TO:,dialogue,108   INT. COURTHOUSE - HALLWAY - DAY                               108
2831,CUT TO:,dialogue,"Elle waits in line for the water fountain, talking on her"
2832,CUT TO:,dialogue,cell phone.
2833,ELLE,stage_direction,(into phone)
2834,ELLE,dialogue,You broke his nose?!
2835,ELLE,dialogue,We INTERCUT with Paulette as she watches- UPS Guy being
2836,ELLE,dialogue,carried out by paramedics on a gurney. The ladies of the
2837,ELLE,dialogue,"shop flutter around him, concerned."
2838,UPS GUY,dialogue,I 'm okay --
2839,PAULETTE,dialogue,"I think he noticed me, Elle --"
2840,PAULETTE,stage_direction,(sobbing)
2841,PAULETTE,dialogue,But only because I maimed him!
2842,ELLE,stage_direction,(consoling)
2843,ELLE,dialogue,"I'll be over right after the trial, okay?"
2844,ELLE,dialogue,We're about to cross- examine Enrique.
2845,ELLE,dialogue,And don't worry! My friend Serena barfed
2846,ELLE,dialogue,"on a guy during ""The Blair Witch Project"""
2847,ELLE,dialogue,and end up dating him for three months.
2848,ELLE,dialogue,She hangs up. Enrique cuts in front of her in line for the
2849,ELLE,dialogue,"water fountain. She glares at him, tapping her foot."
2850,ELLE,dialogue,"He finishes getting his drink and turns, looking at her."
2853,ENRIQUE,dialogue,Don't stomp your little Prada sandals at
2854,ENRIQUE,dialogue,"me, Miss Thing."
2855,ENRIQUE,dialogue,"He walks past, as.Elle gapes at him.     Realizing."
2856,ENRIQUE,dialogue,109   INT. COURTROOM - DAY - MOMENTS LATER                           109
2857,ENRIQUE,dialogue,Elle grabs Emmett's arm as he whispers with Donovan.
2858,ELLE,dialogue,He's gay!    Enrique is gay!
2859,EMMETT,dialogue,What?!
2860,EMMETT,dialogue,She grabs Warner as he's passing.
2861,ELLE,dialogue,"Warner, what kind of shoes do I have on?"
2862,ELLE,dialogue,He looks down at her Prada sandals.
2863,WARNER,dialogue,Pink ones.
2864,ELLE,dialogue,See?
2865,ELLE,dialogue,"Donovan frowns, not seeing."
2866,DONOVAN,dialogue,What are you talking about?
2867,ELLE,dialogue,He's gay -- he isn't Brooke's lover!
2868,ELLE,dialogue,He's making it up. Whoever killed
2869,ELLE,dialogue,Heyworth is paying him off.
2870,EMMETT,dialogue,Back up.     How do you know he's gay?
2871,ELLE,dialogue,Gay men know designers.     Straight men
2872,ELLE,dialogue,don't.
2873,ELLE,dialogue,"She points at Warner, who shrugs. Brooke leans over."
2874,BROOKE,dialogue,What's going on?
2875,ELLE,dialogue,Enrique's gay. I ' m sure of it.'
2878,BROOKE,dialogue,He did leave a Cher tape in the pool
2879,BROOKE,dialogue,house once --
2880,BROOKE,dialogue,Donovan scoffs.
2881,DONOVAN,dialogue,While I appreciate your masterful legal
2882,DONOVAN,dialogue,"theory, I have a murder trial to attend"
2883,DONOVAN,dialogue,to.
2884,DONOVAN,dialogue,He grabs Emmett's arm and pulls him aside as they confer on
2885,DONOVAN,dialogue,more serious matters. Emmett looks at her as if to say
2886,DONOVAN,dialogue,"""Sorry"", before he looks back at Donovan."
2887,DONOVAN,dialogue,"Brooke looks at Donovan, then back at Elle, rolling her eyes."
2888,DONOVAN,dialogue,"Elle sits down, pissed. Warner is next to her."
2889,ELLE,dialogue,Thanks for the backup.
2890,WARNER,dialogue,How was I supposed to know what kind of
2891,WARNER,dialogue,shoes you had on?
2892,WARNER,dialogue,"She looks at him like he's a complete idiot, as the judge"
2893,WARNER,dialogue,takes his seat.
2894,WARNER,dialogue,110   INT. COURTROOM - MOMENTS LATER - DAY                          110
2895,WARNER,dialogue,"Donovan is in front of Enrique, who is at the stand."
2896,DONOVAN,dialogue,"Mr. Salvatore, do you have any proof that"
2897,DONOVAN,dialogue,you and Mrs. Windham were having an
2898,DONOVAN,dialogue,affair?
2899,ENRIQUE,dialogue,Just the love in my heart.
2900,ENRIQUE,dialogue,Women in the audience openly sigh.     Elle makes a puke
2901,ENRIQUE,dialogue,gesture. Enid concurs.
2902,ENRIQUE,dialogue,Donovan smiles a smug smile.
2903,DONOVAN,dialogue,"If that's all the proof that he has, your"
2904,DONOVAN,dialogue,"Honor, I think I'm done here."
2905,DONOVAN,dialogue,Emmett stands.
2906,EMMETT,dialogue,"I have a couple of questions, Your Honor?"
2909,(CONTINUED),dialogue,Donovan glares at him.
2910,EMMETT,stage_direction,(continuing; sotto to Donovan)
2911,EMMETT,dialogue,Give me two minutes.
2912,EMMETT,dialogue,He approaches Enrique and starts firing questions at rapid
2913,EMMETT,dialogue,speed.
2914,EMMETT,stage_direction,(continuing)
2915,EMMETT,dialogue,Did you ever take Mrs. Windham on a date?
2916,ENRIQUE,dialogue,Yes.
2917,EMMETT,dialogue,Where?
2918,ENRIQUE,dialogue,A restaurant in Oakland.      Where no one
2919,ENRIQUE,dialogue,would recognize us.
2920,EMMETT,dialogue,And how long have you been sleeping with
2921,EMMETT,dialogue,Mrs. Windham?
2922,.                 ENRIQUE,dialogue,Three months.
2923,EMMETT,dialogue,And what is your boyfriend's name?
2924,ENRIQUE,dialogue,Chuck.
2925,ENRIQUE,dialogue,"The audience lets out a gasp.      Elle looks up, shocked, then"
2926,ENRIQUE,dialogue,delighted.
2927,ENRIQUE,dialogue,Enrique begins to sweat.
2928,ENRIQUE,stage_direction,(continuing)
2929,ENRIQUE,dialogue,"I ' m sorry, I misunderstood.   Chuck is"
2930,ENRIQUE,dialogue,just a friend.
2931,ENRIQUE,dialogue,"CHUCK, scrawny and angry, stands up in the audience."
2932,CHUCK,dialogue,"If I ' m just your friend, why have we been"
2933,CHUCK,dialogue,doing the slippy-slap every night for the
2934,CHUCK,dialogue,past six months?
2937,(CONTINUED),dialogue,The courtroom ERUPTS and the judge bangs the gavel.
2938,(CONTINUED),dialogue,Elle smiles victoriously from her seat.   Emmett grins back at
2939,(CONTINUED),dialogue,her.
2940,(CONTINUED),dialogue,"Donovan shakes his head, smiling in amazement."
2941,(CONTINUED),dialogue,111   EXT. COURTHOUSE - DAY                                           111
2942,(CONTINUED),dialogue,Elle and Emmett walk down the stairs together in high
2943,(CONTINUED),dialogue,spirits. Donovan catches up.
2944,DONOVAN,dialogue,"Good work today, Ms. Woods."
2945,ELLE,dialogue,Thank you!
2946,ELLE,dialogue,"He walks on.   She looks at Emmett, excited.   He high-fives"
2947,ELLE,dialogue,her.
2948,ELLE,dialogue,112   INT. BEAUTY OASIS - NIGHT                                       112
2949,ELLE,dialogue,Paulette is closing up as Elle follows her around.
2950,PAULETTE,stage_direction,"(in a giddy, rush)"
2951,PAULETTE,dialogue,"And after they set his nose, he came back"
2952,PAULETTE,dialogue,for his truck and I offered to drive for
2953,PAULETTE,dialogue,him since he was still on pain-killers
2954,PAULETTE,dialogue,and we spent the whole afternoon
2955,PAULETTE,dialogue,together! He was unconscious for part of
2956,PAULETTE,dialogue,"it, but it was really fun!"
2957,ELLE,stage_direction,(hugging Paulette)
2958,ELLE,dialogue,I ' m so happy for you!
2959,PAULETTE,dialogue,How'd it go at the trial?
2960,ELLE,dialogue,Great. Donovan actually said the words
2961,ELLE,dialogue,"""Good work, Ms. Woods"". He takes me"
2962,ELLE,dialogue,seriously! Can you believe it?
2963,PAULETTE,dialogue,Of course I can believe it. You're going
2964,PAULETTE,dialogue,to make a great lawyer.
2965,PAULETTE,dialogue,Paulette looks at Elle. Emotional.
2968,PAULETTE,stage_direction,(continuing)
2969,PAULETTE,dialogue,"Elle, you've changed my life. You are"
2970,PAULETTE,dialogue,"the kindest, most wonderful angel."
2971,PAULETTE,dialogue,"Without you, I wouldn't have Rufus or a"
2972,PAULETTE,dialogue,dinner date. Now go and share your
2973,PAULETTE,dialogue,goodness with the world while I stay here
2974,PAULETTE,dialogue,and have my hoo-hoo waxed.
2975,PAULETTE,dialogue,"113   INT. AUSTEN, JARET, PLATT AND DONOVAN - HALLWAY - NIGHT     113"
2976,PAULETTE,dialogue,"Elle passes Sarah, who carries a stack of depos into the"
2977,PAULETTE,dialogue,conference room to Dick and Bobby.
2978,SARAH,dialogue,Donovan asked to see you before you                         '
2979,SARAH,dialogue,leave.
2980,ELLE,stage_direction,(excited)
2981,ELLE,dialogue,Really?
2982,SARAH,dialogue,He's already got his coffee -- maybe he
2983,SARAH,dialogue,needs a donut.
2984,SARAH,dialogue,They share a smile as Elle walks over to Donovan's glass-
2985,SARAH,dialogue,walled office and knocks on the door. Nervous.
2986,DONOVAN,dialogue,Come on in.
2987,DONOVAN,dialogue,"He beckons her inside, and she goes, shutting the door behind"
2988,DONOVAN,dialogue,her.
2989,DONOVAN,dialogue,114   INT. DONOVAN'S OFFICE - NIGHT                                    114
2990,DONOVAN,dialogue,He's behind his desk. He motions for her to sit in one of
2991,DONOVAN,dialogue,the two chairs opposite him.
2992,DONOVAN,dialogue,Sit down.
2993,ELLE,dialogue,Is everything okay?
2994,DONOVAN,dialogue,You followed your intuition today and you
2995,DONOVAN,dialogue,".       were right on target. I should""ve"
2996,DONOVAN,dialogue,listened.
2999,ELLE,stage_direction,(stunned)
3000,ELLE,dialogue,Thank you.
3001,DONOVAN,dialogue,Ab ou t the alibi --
3002,DONOVAN,dialogue,"She sighs,"
3003,ELLE,dialogue,"I ' m sorry, but --"
3004,DONOVAN,stage_direction,(cutting her off)
3005,DONOVAN,dialogue,I ' m impressed that you took the
3006,DONOVAN,dialogue,initiative to go there and get it. That's
3007,DONOVAN,dialogue,what makes a good lawyer. And on top of
3008,DONOVAN,dialogue,"that, you gained the client's trust and"
3009,DONOVAN,dialogue,kept it.. That' s what makes a great
3010,DONOVAN,dialogue,"lawyer. You're smart, Elle. Smarter than                  ."
3011,DONOVAN,dialogue,most of the guys I have on my payroll.
3012,DONOVAN,dialogue,Elle is overwhelmed by his praise.
3013,ELLE,dialogue,Wow. That means so much to me to hear you
3014,ELLE,dialogue,say that.
3015,ELLE,dialogue,Donovan walks around his desk and sits in the chair opposite
3016,ELLE,dialogue,her.
3017,DONOVAN,dialogue,I think it's time discuss your career
3018,DONOVAN,dialogue,path. Have you thought about where you
3019,DONOVAN,dialogue,might be a summer associate?
3020,ELLE,stage_direction,(still overwhelmed)
3021,ELLE,dialogue,Not really. I know how competitive it       .    .
3022,ELLE,dialogue,a l l is --
3023,ELLE,dialogue,He smiles.
3024,DONOVAN,dialogue,You know what competition is really
3025,DONOVAN,dialogue,"about, don't you?"
3026,DONOVAN,dialogue,"Eager for his knowledge, Elle is on the edge of her seat. He"
3027,DONOVAN,dialogue,leans in.
3028,DONOVAN,stage_direction,(continuing)
3029,DONOVAN,dialogue,It's about ferocity. Carnage.
3032,DONOVAN,dialogue,Balancing human intelligence with animal
3033,DONOVAN,dialogue,diligence. Knowing exactly what you want
3034,DONOVAN,dialogue,and how far you'll go to get it. How far
3035,DONOVAN,dialogue,will Elle go?
3036,DONOVAN,dialogue,"As he says the last sentence, he SLIDES his hand UP HER"
3037,THIGH.,dialogue,115   OUTSIDE DONOVAN'S OFFICE                                              115
3038,THIGH.,dialogue,"Sarah walks down the hallway, glancing in Donovan's office to see --"
3039,THIGH.,dialogue,H E R POV --
3040,THIGH.,dialogue,Donovan's hand sliding up Elle's skirt.         She shakes her head
3041,THIGH.,dialogue,"in disgust, & heads off- NOT SEEING"
3042,THIGH.,dialogue,116   INT. DONOVAN'S OFFICE                                                 116
3043,THIGH.,dialogue,"Elle stares at Donovan in horror, then grabs his hand --"
3044,THIGH.,dialogue,stopping its journey upward.
3045,ELLE,stage_direction,(upset)
3046,ELLE,dialogue,You're hitting on me?
3047,DONOVAN,dialogue,"You're a beautiful girl, Elle."
3048,ELLE,dialogue,So everything you just said --?
3049,DONOVAN,dialogue,I ' m a man who knows what I want.
3050,DONOVAN,dialogue,"Elle rises, stung.       She stares at him for a beat."
3051,ELLE,dialogue,And I ' m a law student who's finally
3052,ELLE,dialogue,realized her professor is a pathetic
3053,ELLE,dialogue,asshole.
3054,ELLE,dialogue,She walks out.
3055,DONOVAN,stage_direction,(calling out)
3056,DONOVAN,dialogue,Too bad. I thought you were a law
3057,DONOVAN,dialogue,student who wanted to be a lawyer.
3058,DONOVAN,dialogue,Elle keeps walking.
3060,DONOVAN,dialogue,"117   INT. AUSTEN, JARET, PLATT ETC. - ELEVATOR - MOMENT LATER      117"
3061,DONOVAN,dialogue,Elle is in the elevator. Flushed and upset. As the doors
3062,DONOVAN,dialogue,"start to close, Sarah sticks her arm in, blocking them."
3063,SARAH,dialogue,You almost had me fooled.
3064,ELLE,dialogue,What?
3065,SARAH,dialogue,Maybe you should sleep with the judge
3066,SARAH,dialogue,too. Then we can win the case.
3067,SARAH,dialogue,"Sarah steps back, letting the doors shut."
3068,SARAH,dialogue,118   INT. BUILDING LOBBY - NIGHT                                    118
3069,SARAH,dialogue,"Elle stomps out of the elevator, as Emmett gets in."
3070,EMMETT,stage_direction,(smiling)
3071,EMMETT,dialogue,He y --
3072,ELLE,dialogue,I'm quitting.
3073,ELLE,dialogue,"She marches past.   He follows, catching up."
3074,EMMETT,dialogue,Whoa -- Why?
3075,ELLE,dialogue,Law school was a mistake.   Getting this
3076,ELLE,dialogue,internship was a mistake.
3077,EMMETT,dialogue,What're you talking about? You earned
3078,EMMETT,dialogue,it-
3079,EMMETT,dialogue,She snorts.
3080,ELLE,dialogue,I didn't earn anything. I got this
3081,ELLE,dialogue,internship because Donovan liked the way
3082,ELLE,dialogue,I looked. Which he made clear .tonight
3083,ELLE,dialogue,when he tried to feel me up.
3084,ELLE,dialogue,Emmett looks pissed as he processes this.
3087,EMMETT,stage_direction,(mind reeling)
3088,EMMETT,dialogue,So now you're --?
3089,. ELLE,dialogue,Going back to LA. Maybe I can fulfill my
3090,. ELLE,dialogue,destiny as a useless bimbo and join the
3091,. ELLE,dialogue,Swedish Bikini Team. No more navy blue
3092,. ELLE,dialogue,suits. No more panty-hose. No more
3093,. ELLE,dialogue,trying to be something I ' m not.
3094,EMMETT,dialogue,What if you're trying to be something you
3095,EMMETT,dialogue,are? The hell with Donovan. Stay.
3096,EMMETT,dialogue,"She stops, giving him a sad smile."
3097,ELLE,dialogue,Thanks for not treating me the way
3098,ELLE,dialogue,everyone else here does. Call me if
3099,ELLE,dialogue,you're ever in California.
3100,ELLE,dialogue,"She walks out.   Emmett watches her go, hating it."
3101,ELLE,dialogue,119   EXT. BEAUTY OASIS - NIGHT                                       119
3102,ELLE,dialogue,"Elle's Boxster, packed with suitcases and the potted palm,"
3103,ELLE,dialogue,pulls up.
3104,ELLE,dialogue,120   INT. BEAUTY OASIS - NIGHT                                       120
3105,ELLE,dialogue,"Elle sits in front of Paulette, dejected.   Not even bothering"
3106,ELLE,dialogue,with a manicure.
3107,PAULETTE,stage_direction,(upset)
3108,PAULETTE,dialogue,You can't go home!
3109,ELLE,dialogue,What's the point of staying? All people
3110,ELLE,dialogue,see when they look at me is blonde hair
3111,ELLE,dialogue,and big boobs. No one's ever going to
3112,ELLE,dialogue,take me seriously. The people at law
3113,ELLE,dialogue,"s chool don't, Warner doesn't -- I don't"
3114,ELLE,dialogue,even think my parents take me seriously.
3115,ELLE,dialogue,They wanted me to grow up and become a
3116,ELLE,dialogue,Victoria's Secret model who marries a
3117,ELLE,dialogue,"rock star. Now, for the first time, it"
3118,ELLE,dialogue,seemed like someone expected me to do
3119,ELLE,dialogue,something better with my life than wear
3120,ELLE,dialogue,underwear for a living. But I was kidding
3121,ELLE,dialogue,mys elf -- Donovan didn't see me as a
3122,ELLE,dialogue,lawyer. He saw me as a piece of ass.
3125,ELLE,dialogue,"Just like everyone else. It turns out, I"
3126,ELLE,dialogue,am a j oke.
3127,ELLE,dialogue,She stands up.
3128,ELLE,stage_direction,(continuing)
3129,ELLE,dialogue,The hell with law school. I just came to
3130,ELLE,dialogue,say goodbye.
3131,IN A NEARBY CHAIR,dialogue,"Professor Elspeth Stromwell spins around, nails drying,"
3132,IN A NEARBY CHAIR,dialogue,facing Elle.
3133,PROFESSOR STROMWELL,dialogue,If you let one stupid prick ruin your
3134,PROFESSOR STROMWELL,dialogue,"life, you're not the girl I thought you"
3135,PROFESSOR STROMWELL,dialogue,were.
3136,PROFESSOR STROMWELL,dialogue,"Elle looks at her, shocked, as Professor Stromwell stands and"
3137,PROFESSOR STROMWELL,dialogue,goes.
3138,PROFESSOR STROMWELL,dialogue,121   INT. JAIL WAITING ROOM - NIGHT                                 121
3139,PROFESSOR STROMWELL,dialogue,CLOSE ON A TV -- Donovan is being interviewed is on the
3140,PROFESSOR STROMWELL,dialogue,evening news.
3141,DONOVAN ON TV,dialogue,Enrique Salvatore has been discredited as a witness.
3142,REPORTER #2 ON TV,dialogue,Did you go in there knowing how you were
3143,REPORTER #2 ON TV,dialogue,going to discredit Mr. Salvatore?
3144,DONOVAN ON TV,dialogue,Absolutely. It's a little thing I like
3145,DONOVAN ON TV,dialogue,to call strategy.
3146,DONOVAN ON TV,dialogue,He gives the reporters a smug smile.
3147,IN THE WAITING ROOM,dialogue,"Brooke looks away from the TV. Emmett is next to her,"
3148,IN THE WAITING ROOM,dialogue,prepping her for the following day.
3149,BROOKE,dialogue,Is he always such an ass?
3150,EMMETT,stage_direction,(containing himself)
3151,EMMETT,dialogue,He's the top defense attorney in the
3152,EMMETT,dialogue,state. Of course he's an ass.
3157,"""^                                  BROOKE",dialogue,..J                    But is he an ass that's gonna win my case?
3158,EMMETT,dialogue,He's an ass that's gonna try.
3159,BROOKE,dialogue,"He thinks I ' m guilty, doesn't he?"
3160,EMMETT,dialogue,That's not what's important.
3161,BROOKE,dialogue,To me it is. He doesn't trust me. Why
3162,BROOKE,dialogue,should I trust him?
3163,BROOKE,dialogue,Emmett thinks for a moment. Then looks at Brooke.
3164,EMMETT,dialogue,You're right. Why should you?
3165,EMMETT,dialogue,122   EXT. COURTHOUSE - DAY                                            122
3166,EMMETT,dialogue,People enter. Reporters set up their cameras. Dorky David
3167,EMMETT,dialogue,passes by in a suit and tie.
3168,EMMETT,dialogue,123   INT. COURTHOUSE - HALLWAY - DAY                                  123
3169,EMMETT,dialogue,Donovan and Emmett head into the courtroom.
3170,DONOVAN,dialogue,Keep that bitch away from me.
3171,EMMETT,dialogue,She's our client.
3172,DONOVAN,dialogue,Not Brooke. Elle.
3173,EMMETT,stage_direction,(blatantly pissed)
3174,EMMETT,dialogue,Funny how a woman can turn into a bitch
3175,EMMETT,dialogue,"just by saying ""no""."
3176,EMMETT,dialogue,Donovan glares at Emmett as they continue in.
3177,EMMETT,dialogue,"Behind them -- SARAH stops in her tracks, having heard all of"
3178,EMMETT,dialogue,this.
3179,EMMETT,dialogue,124   INT. COURTROOM - MOMENTS LATER                                   124
3180,EMMETT,dialogue,"/ """""""" ',        Donovan takes his seat next to Brooke.   She smiles at him."
3181,EMMETT,dialogue,v_ J
3184,DONOVAN,dialogue,What're you so happy about? You're on
3185,DONOVAN,dialogue,trial for murder.
3186,BROOKE,dialogue,Get up.
3187,DONOVAN,dialogue,What?
3188,BROOKE,dialogue,You're fired. I have new representation.
3189,DONOVAN,dialogue,Who?
3190,DONOVAN,dialogue,"The door of the courtroom BANGS open and ELLE STRIDES IN,"
3191,DONOVAN,dialogue,"dressed in a Prada mini-dress, Underdog in her purse. She"
3192,DONOVAN,dialogue,"blows a bubble, lets it pop, then sets her briefcase down"
3193,DONOVAN,dialogue,next to Donovan's.
3194,'                ELLE,stage_direction,(to Donovan)
3195,ELLE,dialogue,Excuse you. You're in my way.
3196,ELLE,dialogue,She nudges him aside.      Donovan looks at Brooke.
3197,DONOVAN,dialogue,She's a law student.       She can't defend
3198,DONOVAN,dialogue,you.
3199,DONOVAN,dialogue,"Dorky David steps up, holding out a marked casebook."
3200,DORKY DAVID,dialogue,Massachusetts Supreme Judicial Court Rule                    .
3202,ELLE,dialogue,(to Donovan)                             -
3203,ELLE,dialogue,See?
3204,JUDGE,dialogue,"Counselors, approach the bench."
3205,JUDGE,dialogue,Elle starts to head up.
3206,DONOVAN,dialogue,You're not going up there.
3207,ELLE,dialogue,"Yes, I am."
3210,BROOKE,stage_direction,(to Donovan)
3211,BROOKE,dialogue,I don't think you heard me. You're fired.
3212,BROOKE,dialogue,She's my lawyer.
3213,JUDGE,dialogue,"Counselors, now.    All of you."
3214,JUDGE,dialogue,"Elle, Donovan and Emmett head up, as does the DA.      Elle hands"
3215,JUDGE,dialogue,the judge the case book.
3216,ELLE,dialogue,"Elle Woods, your honor. Rule 3:03 of the"
3217,ELLE,dialogue,Supreme Judicial Court states that a law
3218,ELLE,dialogue,student may appear on behalf of a
3219,ELLE,dialogue,defendant in criminal proceedings.
3220,DA JOYCE RAFFERTY,stage_direction,(stoked)
3221,DA JOYCE RAFFERTY,dialogue,I have no problem with this.
3222,DONOVAN,dialogue,I do.   I'm not allowing it.
3223,ELLE,stage_direction,(pointedly)
3224,ELLE,dialogue,But you agreed last night. In the
3225,ELLE,dialogue,office? When we were discussing my
3226,ELLE,dialogue,"""career""?"
3227,ELLE,dialogue,"The implication lingers in the air, as Donovan glares at her."
3228,JUDGE,stage_direction,(reading the casebook)
3229,JUDGE,dialogue,The ruling also states that you need a
3230,JUDGE,dialogue,licensed attorney to supervise you. Mr.
3231,JUDGE,dialogue,Donovan?
3232,DONOVAN,dialogue,"That, I won't agree to."
3233,DONOVAN,dialogue,Emmett steps forward.
3234,EMMETT,dialogue,"I ' m supervising, Your Honor."
3235,EMMETT,dialogue,"Elle smiles at him. Donovan looks from Emmett to Elle,"
3236,EMMETT,dialogue,completely derailed.
3237,JUDGE,dialogue,"Well, then, Ms. Woods.    Proceed."
3238,JUDGE,dialogue,Elle walks back to the table with a grin.       Warner looks shocked.
3241,IN THE AUDIENCE,dialogue,"Paulette beams, the UPS Guy in the nose brace, next to her."
3242,IN THE AUDIENCE,dialogue,"Serena and Margot, now in attendance, STAND clapping and"
3243,IN THE AUDIENCE,dialogue,squealing in a completely inappropriate way.
3244,SERENA,dialogue,"Go, Elle!"
3245,SERENA,dialogue,Donovan takes a seat in the audience.    As he passes by Brooke:
3246,DONOVAN,dialogue,Enjoy prison.
3247,DONOVAN,dialogue,The judge looks at Brooke.
3248,JUDGE,dialogue,"Mrs. Windham, you do realize what you're"
3249,JUDGE,dialogue,doing?
3250,BROOKE,dialogue,Absolutely.
3251,BROOKE,dialogue,"As Donovan sits, Margot leans over."
3252,MARGOT,dialogue,Don't fuck with a Delta Gamma.
3253,AT THE DEFENSE TABLE,dialogue,"Sarah leans forward to Elle, who gathers her notes."
3254,SARAH,dialogue,Kick some butt.
3255,SARAH,dialogue,"Elle looks at her, surprised."
3256,JUDGE,dialogue,"Ms. Woods, call your first witness."
3257,ELLE,dialogue,I'd like to recall Chutney Windham as a
3258,ELLE,dialogue,defense witness.
3259,ELLE,dialogue,The crowd murmurs.     Donovan rolls his eyes.
3260,ELLE,dialogue,125   INT. COURTROOM - DAY - MOMENTS LATER                           125
3261,ELLE,dialogue,Chutney takes her hand off of the Bible and sits.
3262,JUDGE,dialogue,"Ms. Woods, begin your questioning."
3266,ELLE,dialogue,"First, your Honor, I ' d like to point out"
3267,ELLE,dialogue,that not only is there no proof in this
3268,ELLE,dialogue,"case, but there's a complete lack of mens"
3269,ELLE,dialogue,"rea, which by definition tells us that"
3270,ELLE,dialogue,there is no crime without a vicious will.
3271,ELLE,dialogue,"The DA rolls her eyes, as do the lawyers present."
3272,JUDGE,dialogue,I am aware of the meaning of mens rea.
3273,JUDGE,dialogue,What I am unaware of is why you're giving
3274,JUDGE,dialogue,me a vocabulary lesson instead of
3275,JUDGE,dialogue,questioning your witness.
3276,JUDGE,dialogue,"Flustered, Elle turns to Chutney."
3277,ELLE,dialogue,"Okay -- Ms. Windham, when you uh arrived"
3278,ELLE,dialogue,back at the house? Was your father there?
3279,CHUTNEY,dialogue,"Not that I saw. But like I said, I went"
3280,CHUTNEY,dialogue,"straight upstairs to take a shower.           '   ,"
3281,ELLE,dialogue,"And when you came downstairs, what happened?"
3282,CHUTNEY,dialogue,"I saw Brooke standing over his body,"
3283,CHUTNEY,dialogue,drenched in his blood.
3284,ELLE,dialogue,But Mrs. Windham didn't have a gun?
3285,CHUTNEY,dialogue,"No, she'd stashed it by then."
3286,CHUTNEY,dialogue,Brooke rolls her eyes.
3287,EMMETT,dialogue,"Move to strike that from the record, your"
3288,EMMETT,dialogue,Honor. Speculation.
3289,JUDGE,dialogue,Stricken.
3290,JUDGE,dialogue,Elle mentally kicks herself for not doing this herself.
3291,JUDGE,dialogue,"Eirimett gives her a reassuring nod. She takes a deep breath,"
3292,JUDGE,dialogue,then continues on.
3293,ELLE,dialogue,Did you hear a shot fired?
3296,CHUTNEY,dialogue,No.   I was in the shower.
3297,ELLE,dialogue,So at some point in the -- twenty
3298,ELLE,dialogue,"minutes? -- you were in the shower, your"
3299,ELLE,dialogue,father was shot?
3300,CHUTNEY,dialogue,I guess.
3301,CHUTNEY,dialogue,Elle paces a bit. Underdog watches from her purse on the
3302,CHUTNEY,dialogue,"table, intrigued by her line of questioning."
3305,ELLE,dialogue,Your father was shot while you were in
3306,ELLE,dialogue,the shower?
3307,ELLE,dialogue,Gerard looks at Emmett.
3308,GERARD,dialogue,Where's she going with this?
3309,EMMETT,dialogue,Have a little faith.
3310,ELLE,dialogue,"But you didn't hear the shot, because you"
3311,ELLE,dialogue,were in the shower.
3312,CHUTNEY,stage_direction,(annoyed)
3313,CHUTNEY,dialogue,Yes. I was washing my hair.
3314,CHUTNEY,dialogue,"Elle's onto something, but not sure what.                           ."
3315,ELLE,dialogue,"Miss Windham, can you tell us what you'd"
3316,ELLE,dialogue,been doing earlier in the day?
3317,CHUTNEY,dialogue,"I got up, went to Starbucks, went to the"
3318,CHUTNEY,dialogue,"gym, got a perm, and came home."
3319,ELLE,dialogue,Where you got in the shower.
3320,CHUTNEY,stage_direction,(impatient)
3321,CHUTNEY,dialogue,Yes.
3322,JUDGE,dialogue,I believe the witness has made it clear
3323,JUDGE,dialogue,that she was in the shower.
3324,JUDGE,dialogue,People start to murmur.    Donovan snickers.    Sarah looks
3325,JUDGE,dialogue,worried.
3326,ELLE,dialogue,"Yes, Your Honor. Had you ever gotten a                .       ."
3327,ELLE,dialogue,"perm before, Miss Windham?"
3328,CHUTNEY,stage_direction,(confused)
3329,CHUTNEY,dialogue,Yes.
3330,CHUTNEY,dialogue,The beginnings of a smile start to spread across Elle's face.
3333,ELLE,dialogue,"How many, would you say?"
3334,CHUTNEY,dialogue,Two a year since I was twelve. You do the
3335,CHUTNEY,dialogue,math.
3338,ELLE,dialogue,"You know, a girl in my sorority, Tracy"
3339,ELLE,dialogue,"Marcinko, got a perm once. Even though we"
3340,ELLE,dialogue,all told her not to ~ curls really
3341,ELLE,dialogue,weren't the right look for her --
3342,ELLE,stage_direction,(chummy)
3343,ELLE,dialogue,She didn't have your bone structure.
3344,ELLE,dialogue,Chutney almost smiles.
3345,ELLE,stage_direction,(continuing)
3346,ELLE,dialogue,"But, thankfully, that same day, she"
3347,ELLE,dialogue,entered the Pi Kap wet t-shirt contest
3348,ELLE,dialogue,where she was completely hosed down from
3349,ELLE,dialogue,head to toe.
3350,ELLE,dialogue,Donovan shakes his head at her incompetence.
3351,DA JOYCE RAFFERTY,dialogue,Objection.    Why is this relevant?
3352,DA JOYCE RAFFERTY,dialogue,"Emmett clears his throat, worried. Elle turns around, giving"
3353,DA JOYCE RAFFERTY,dialogue,"him a ""trust me"" look. Then turns back to the judge."
3354,ELLE,stage_direction,(to the judge)
3355,ELLE,dialogue,I have a point. I promise.
3356,JUDGE,dialogue,Then make it.
3357,JUDGE,dialogue,Elle looks at Chutney.                                   ..
3358,ELLE,dialogue,"Chutney, why is it that Tracy Marcinko's"
3359,ELLE,dialogue,curls were ruined when she got hosed
3360,ELLE,dialogue,down?
3361,CHUTNEY,dialogue,Because they got wet.
3362,ELLE,dialogue,That's right. Because isn't the first
3363,ELLE,dialogue,cardinal rule of perm maintenance that
3364,ELLE,dialogue,you are forbidden to wet your hair for at
3365,ELLE,dialogue,least twenty-four hours after getting a
3366,ELLE,dialogue,perm at the risk of de-activating the
3367,ELLE,dialogue,ammonium thiglycolate?
3368,ELLE,dialogue,Chutney pales.
3371,CHUTNEY,dialogue,Yes --
3372,CHUTNEY,dialogue,Elle continues.
3373,ELLE,dialogue,And wouldn't someone who's had -- thirty
3374,ELLE,dialogue,"perms ? -- throughout her lifetime, be"
3375,ELLE,dialogue,well aware of this rule?
3376,ELLE,dialogue,Chutney doesn't answer.     She just glares at Brooke.
3377,ELLE,stage_direction,(continuing)
3378,ELLE,dialogue,"And if you, in fact, were not washing"
3379,ELLE,dialogue,"your hair, as I suspect you were not,"
3380,ELLE,dialogue,"since your curls are still intact,"
3381,ELLE,dialogue,wouldn't you have heard the gunshot?
3382,ELLE,dialogue,Chutney continues to glare.
3383,ELLE,stage_direction,(continuing)
3384,ELLE,dialogue,"And if you in fact, heard the gunshot,"
3385,ELLE,dialogue,then Brooke Windham wouldn't have had
3386,ELLE,dialogue,time to hide the gun before you got
3387,ELLE,dialogue,downstairs. Which would mean that you
3388,ELLE,dialogue,would've had to have found Mrs. Windham
3389,ELLE,dialogue,with a gun in her hand to make your story
3390,ELLE,dialogue,sound plausible. Isn't that right?
3391,CHUTNEY,dialogue,She's younger than I am. Did she tell
3392,CHUTNEY,dialogue,you that? How would you feel if your
3393,CHUTNEY,dialogue,father married someone younger than you?
3394,ELLE,dialogue,"You, however, had time to hide the gun,"
3395,ELLE,dialogue,"didn't you, Chutney? After you shot your"
3396,ELLE,dialogue,father?
3397,ELLE,dialogue,"Brooke looks at Chutney in horror, realizing."
3398,CHUTNEY,dialogue,I didn't mean to shoot him --
3399,CHUTNEY,stage_direction,(to Brooke)
3400,CHUTNEY,dialogue,I meant to shoot you!
3401,CHUTNEY,dialogue,Pandemonium erupts.     The gavel pounds.
3402,BROOKE                            .'..',dialogue,I knew it!
3405,(CONTINUED),dialogue,"Elle looks at Emmet t., elated at what's just happened."
3406,ELLE,stage_direction,(shocked)
3407,ELLE,dialogue,"Oh, my God!"
3408,EMMETT,stage_direction,(even more shocked)
3409,EMMETT,dialogue,"Oh, my G^d.! !"
3410,EMMETT,dialogue,126   INT. COURTHOUSE FOYER - DAY                                    126
3411,EMMETT,dialogue,Reporters mob Elle and Brooke as they make their way out of
3412,EMMETT,dialogue,the courtroom.
3413,REPORTER,dialogue,"Elle, how did you know Chutney was lying?"
3414,BROOKE,dialogue,Because she is brilliant.
3415,ELLE,stage_direction,(humble)
3416,ELLE,dialogue,The rules of haircare are simple and
3417,ELLE,dialogue,finite . Any Cosmo girl would ' ve known .
3418,ELLE,dialogue,The reporters laugh as they snap pictures of her and a happy
3419,ELLE,dialogue,Brooke.
3420,ELLE,dialogue,127   INT. WOODS' BEL AIR HOME - GYM -SAME TIME                      127
3421,ELLE,dialogue,CLOS E ON THE TV -- the channels change: golf -- a commercial -
3422,ELLE,dialogue,Elle in the courthouse.
3423,DANIEL (O.S.),dialogue,What the --?
3424,DANIEL (O.S.),dialogue,"Daniel, Elle 's father, watches TV as he does his morning"
3425,DANIEL (O.S.),dialogue,workout on the treadmill.
3426,DANIEL,dialogue,"Honey, stop!"
3427,DANIEL,stage_direction,(proud)
3428,DANIEL,dialogue,Bile's on TV!
3429,DANIEL,dialogue,"He looks next to him, where Sapphire is upside down on a yoga"
3430,DANIEL,dialogue,inversion machine.
3431,DANIEL,dialogue,SAPPHIRE'S POV -- the upside-down television with Elle on it.
3432,SAPPHIRE,dialogue,"Oh, my God! What happened to her tan?                      '"
3435,SAPPHIRE,dialogue,128   INT. COURTHOUSE FOYER - MOMENTS LATER                          128
3436,SAPPHIRE,dialogue,"As the reporters continue to mob Brooke, Elle steps aside to"
3437,SAPPHIRE,dialogue,talk to Serena and Margot.                                   .
3438,SERENA,dialogue,"I wish we could stay longer, but I have a"
3439,SERENA,dialogue,game.
3440,ELLE,dialogue,I can't believe you're a Laker Girl!
3441,MARGOT,dialogue,"Hello!   You're like, a lawyer."
3442,ELLE,stage_direction,(grinning)
3443,ELLE,dialogue,Not yet.
3444,ELLE,dialogue,Enid walks up to the girls.
3445,ENID,stage_direction,(to Elle)
3446,ENID,dialogue,Even though you knew your shit today --
3447,ENID,dialogue,you're still a product of the patriarchy
3448,ENID,dialogue,and a creation of the male-dominated
3449,ENID,dialogue,media. And so are your friends.
3450,ENID,dialogue,She looks at Serena.
3451,ENID,stage_direction,(continuing; to Serena)
3452,ENID,dialogue,Although -- you're kinda hot. Call me.
3453,ENID,dialogue,She walks off.   Serena looks alarmed.
3454,ELLE,stage_direction,(hugging them)
3455,ELLE,dialogue,Don't worry. She's harmless. I'll see
3456,ELLE,dialogue,you guys soon! Thanks for coming!
3457,ELLE,dialogue,She air-kisses them as Margot leads a still shell-shocked
3458,ELLE,dialogue,Serena away as Emmett walks up to Elle.
3459,ELLE,dialogue,129   EXT. COURTHOUSE STEPS - DAY - LATER'                           129
3460,ELLE,dialogue,Elle looks up at the courthouse as the sun sets behind it.
3461,ELLE,dialogue,"She smiles, proud of herself."
3462,WARNER (O.S.),dialogue,You were amazing today.
3463,WARNER (O.S.),dialogue,She turns and finds Warner.
3466,ELLE,dialogue,Thank you.
3467,ELLE,dialogue,He moves closer.
3468,WARNER,dialogue,It made me realize something.      I ' m an
3469,WARNER,dialogue,idiot.
3470,ELLE ,dialogue,Really?
3471,ELLE ,dialogue,He turns on the charm.
3472,WARNER,dialogue,"I want to be with you, Elle.       Forever."
3473,WARNER,dialogue,"He pulls her close, hand around her waist, kissing her. She"
3474,WARNER,dialogue,"looks up at him, a trace of the old love in her eyes. For a"
3475,WARNER,dialogue,"moment, she melts."
3476,ELLE ,dialogue,"I want to be with you, too, Warner."
3477,ELLE,dialogue,"After a moment, she steps back, removing his hand       from her             '"
3478,ELLE ,dialogue,waist and wrenching it behind his back.
3479,ELLE,dialogue,In court.     On opposing sides.
3480,WARNER,stage_direction,(shocked)
3481,WARNER,dialogue,Are you serious?
3482,ELLE,dialogue,Huh.     Imagine that.   Looks like I am.
3483,ELLE,dialogue,"She walks down the steps. Warner watches her go,        then turns"
3484,ELLE,dialogue,"to see Sarah, who's witnessed the entire episode.        She glares"
3485,ELLE,dialogue,"at him, then walks past."
3486,WARNER        .,dialogue,Sarah -- hold on.                                              .
3487,WARNER        .,dialogue,"She shoves him, knocking him on his ass, then rushes to .catch"
3488,WARNER        .,dialogue,up with Elle.
3489,SARAH,stage_direction,(calling out)
3490,SARAH,dialogue,"El le , wait up --"
3491,SARAH,dialogue,Elle turns.
3494,SARAH,stage_direction,(continu ing; sheepish)
3495,SARAH,dialogue,I ' m a bitch.
3496,ELLE,dialogue,"Yes, you are."
3497,SARAH,dialogue,And Donovan's a-scumbag for coming on to
3498,SARAH,dialogue,you.
3499,ELLE,dialogue,"Yes, he is.                                      ."
3500,ELLE,dialogue,They look at each other in a silent truce.
3501,SARAH,dialogue,So -- can we drink that champagne when I
3502,SARAH,dialogue,get back from the pawnshop?
3503,SARAH,dialogue,She pulls off her engagement ring.
3504,ELLE,dialogue,You're pawning The Rock?!
3505,SARAH,dialogue,"Hell, yes. We've got finals to study"
3506,SARAH,dialogue,for. In Jamaica.
3507,SARAH,dialogue,"She smiles and heads off.    Elle smiles, processing this as"
3508,SARAH,dialogue,Em me tt approaches Elle.                                              .
3509,EMMETT,dialogue,Up for a celebration dinner?
3510,ELLE,dialogue,Are you asking me on a date?
3511,EMMETT                           -,dialogue,As long as you realize I'm not just some
3512,EMMETT                           -,dialogue,man-toy you can show off like a trophy.
3513,ELLE                                             ',stage_direction,(joking)
3514,ELLE,dialogue,"Then, forget it. Besides, I have an early"
3515,ELLE,dialogue,class tomorrow.                                             .
3516,EMMETT,dialogue,So Friday at eight?
3517,EMMETT,dialogue,She smiles at him.                                                     .
3520,ELLE,dialogue,Perfect.
3521,ELLE,dialogue,"She heads down the stairs, stops and thinks a moment, then"
3522,ELLE,dialogue,runs back up --
3523,ELLE,dialogue,Grabbing Emmett in a hellacious KISS. He kisses her back.
3524,ELLE,dialogue,We CRANE UP as they embrace on the courthouse steps.
3525,FADE IN:,dialogue,130   EXT. HARVARD LAW SCHOOL QUAD - DAY                           130
3526,FADE IN:,dialogue,"""Welcome Law Students Class of 2004"" banners hang over"
3527,FADE IN:,dialogue,orientation tables. Nervous first year students stand in
3528,FADE IN:,dialogue,line.
3529,FADE IN:,dialogue,"We PAN ACROSS a row of club tables -- passing ""Harvard Law         ."
3530,FADE IN:,dialogue,"Journal"" and ""Environmental Law Association""  -- until we"
3531,FADE IN:,dialogue,"reach a table that proudly bears the banner of ""Blonde Legal"
3532,FADE IN:,dialogue,"Defense Club""."
3533,FADE IN:,dialogue,"Elle, in a red 2L t-shirt, stands behind the table,"
3534,FADE IN:,dialogue,straightening some flyers. UNDERDOG is plopped down on top
3535,FADE IN:,dialogue,of the stack. Elle turns to see EMMETT next to her.
3537,EMMETT,stage_direction,(re Underdog)
3538,EMMETT,dialogue,Someone missed you.
3539,ELLE,dialogue,Is he the only one?
3540,EMMETT,dialogue,What do you think?
3541,EMMETT,dialogue,They kiss.
3542,EMMETT,stage_direction,(continuing; re the crowd)
3543,EMMETT,dialogue,Looks like you're pretty popular.
3544,EMMETT,dialogue,"Elle smiles, turning back as A NERVOUS 1L GIRL steps up."
3545,NERVOUS 1L GIRL,dialogue,Do you have to be blonde to sign up?
3548,ELLE,dialogue,Only blonde at heart.
3549,ELLE,stage_direction,(to the girl next to her)
3550,ELLE,dialogue,Right?
3551,ELLE,dialogue,Elle smiles and looks down at -- the NEWLY BLONDE SARAH.
3552,ELLE,dialogue,Sarah returns the smile as we PULL BACK to see a CROWD of
3553,ELLE,dialogue,"first year girls gathered around Elle's table, rushing to"
3554,ELLE,dialogue,sign up. Ready to be as blonde as they can be.
